3.764491702895611525e-05;1.846969826146960258e-05;3.735366975888609886e-03;8.708270615898072720e-05;8.557542460039258003e-04;4.998346325010061264e-03;1.022980995912803337e-05;6.616861210204660892e-04;7.860727055231109262e-05;5.239793681539595127e-04;6.430231587728485465e-05;3.100856265518814325e-04;6.678418867522850633e-05;6.124136853031814098e-04;7.606510771438479424e-04;7.227431051433086395e-04;2.343222149647772312e-05;4.001943394541740417e-02
9.999580383300781250e-01;9.995365738868713379e-01;8.005112613318488002e-05;9.995179176330566406e-01;3.853863574931892799e-07;7.561672828160226345e-05;9.996966123580932617e-01;1.743279164656996727e-03;9.998781681060791016e-01;2.004225680138915777e-04;9.999725222587585449e-01;8.151675574481487274e-03;2.571414690464735031e-03;7.376634478569030762e-01;9.996694326400756836e-01;8.280672773253172636e-06;2.370868124046410230e-08;1.000000000000000000e+00
1.526964042568579316e-04;8.665007953823078424e-06;3.536104690283536911e-03;7.402257324429228902e-05;1.653172308579087257e-03;2.340557752177119255e-03;3.188649134244769812e-05;7.346911588683724403e-04;7.586452557006850839e-05;7.766137714497745037e-04;2.968670014524832368e-05;6.870237411931157112e-04;1.838487078202888370e-04;4.905142704956233501e-04;1.387510099448263645e-03;1.386638265103101730e-03;2.877586121030617505e-05;4.544812068343162537e-02
1.000000000000000000e+00;1.000000000000000000e+00;1.144009921699762344e-02;9.999998807907104492e-01;9.679588401922956109e-05;6.552837789058685303e-03;9.999999403953552246e-01;9.997826218605041504e-01;9.999999403953552246e-01;9.967324137687683105e-01;1.000000000000000000e+00;9.994862079620361328e-01;9.934745430946350098e-01;9.999657273292541504e-01;9.999998807907104492e-01;7.268366403877735138e-03;1.193415140733122826e-03;1.000000000000000000e+00
7.168772572185844183e-05;1.579414820298552513e-04;5.053775906562805176e-01;9.568292647600173950e-03;3.241753280162811279e-01;8.068592548370361328e-01;2.034716162597760558e-04;1.718674004077911377e-01;2.423127734800800681e-04;1.206353753805160522e-01;1.617849047761410475e-04;1.890861801803112030e-02;1.026996783912181854e-02;5.108730122447013855e-02;1.244848128408193588e-02;8.434980362653732300e-02;3.747564181685447693e-02;1.801381353288888931e-03
4.275880753993988037e-01;9.992956519126892090e-01;9.998311400413513184e-01;9.999755024909973145e-01;9.999794960021972656e-01;9.999204874038696289e-01;9.999034404754638672e-01;9.999672174453735352e-01;6.585449576377868652e-01;9.999868273735046387e-01;4.809511303901672363e-01;9.999997019767761230e-01;9.999958276748657227e-01;9.999933838844299316e-01;9.999986290931701660e-01;9.995362162590026855e-01;9.999947547912597656e-01;2.221427421318367124e-04
6.148308049887418747e-03;6.389601185219362378e-05;1.847482781158760190e-04;8.579631867178250104e-06;1.016739406622946262e-03;2.067104360321536660e-04;4.441750570549629629e-05;9.994508624076843262e-01;1.526150386780500412e-03;9.999197125434875488e-01;3.244117600843310356e-03;9.999507665634155273e-01;9.863823056221008301e-01;2.435971945524215698e-01;1.723559689708054066e-04;4.496014735195785761e-04;9.895214438438415527e-01;5.494693323271349072e-05
9.997844099998474121e-01;9.703020453453063965e-01;2.794858010020107031e-04;7.480026483535766602e-01;4.842164344154298306e-06;7.697943510720506310e-05;9.800881147384643555e-01;1.322166208410635591e-04;9.991648197174072266e-01;3.122450652881525457e-05;9.995745420455932617e-01;8.091014024103060365e-05;2.462339944031555206e-05;1.256871782243251801e-02;9.482484459877014160e-01;4.198651004116982222e-05;3.775183543552884657e-08;1.000000000000000000e+00
5.514020085684023798e-05;2.998316176672233269e-06;9.900070428848266602e-01;3.237734290451044217e-06;9.748498797416687012e-01;9.926680326461791992e-01;4.179248207947239280e-06;1.454169303178787231e-02;1.142310502473264933e-04;1.696636341512203217e-02;7.608013402204960585e-05;9.007902121993538458e-07;4.291536299660947407e-07;1.686577434156788513e-06;2.696582814678549767e-04;9.598718881607055664e-01;1.095479261130094528e-02;5.903604626655578613e-01
9.999985694885253906e-01;9.999924302101135254e-01;1.736648118821904063e-04;9.999956488609313965e-01;7.749520591460168362e-06;3.229940921301022172e-05;9.999821782112121582e-01;9.384039640426635742e-01;9.999891519546508789e-01;7.487110495567321777e-01;9.999988675117492676e-01;9.998592138290405273e-01;9.930980205535888672e-01;9.999616742134094238e-01;9.999995827674865723e-01;7.784742774674668908e-05;5.897727533010765910e-05;1.000000000000000000e+00
2.423005353193730116e-04;1.018813624978065491e-01;9.999989867210388184e-01;9.817593097686767578e-01;9.999942779541015625e-01;9.999998807907104492e-01;3.665212392807006836e-01;9.999877214431762695e-01;7.896489696577191353e-04;9.999657273292541504e-01;7.411494734697043896e-04;8.023561239242553711e-01;8.299121856689453125e-01;9.309486150741577148e-01;9.779720902442932129e-01;9.999954104423522949e-01;9.996502399444580078e-01;5.578482151031494141e-01
1.789853740774560720e-05;1.567542494740337133e-04;9.997208118438720703e-01;9.665884077548980713e-02;9.994721412658691406e-01;9.995027780532836914e-01;5.952944047749042511e-04;6.305889785289764404e-02;2.943181607406586409e-05;3.683971986174583435e-02;1.272528606932610273e-05;1.374412444420158863e-03;1.044400967657566071e-03;2.527538686990737915e-02;7.972850203514099121e-01;9.994082450866699219e-01;2.123023942112922668e-02;2.446866333484649658e-01
2.292766235768795013e-02;6.472532550105825067e-05;7.861969643272459507e-04;1.609447849659773055e-06;9.552307164994999766e-05;9.337198571301996708e-04;3.555062357918359339e-05;1.695549872238188982e-05;3.155305609107017517e-02;1.015377529256511480e-05;2.909984812140464783e-02;4.761141667586343829e-07;8.731711176324097323e-08;1.293825221182487439e-06;7.130802259780466557e-05;1.126876231865026057e-04;1.231089640896243509e-06;9.968193769454956055e-01
1.454779558116570115e-04;1.835755483625689521e-06;9.583510756492614746e-01;4.727713758256868459e-07;8.823376297950744629e-01;9.624970555305480957e-01;1.857334382293629460e-06;6.336321588605642319e-03;2.518085530027747154e-04;8.076720871031284332e-03;1.927239354699850082e-04;2.167730315250082640e-07;7.605989793546541478e-08;3.106723625023732893e-07;5.410748781287111342e-05;8.197940587997436523e-01;3.951807506382465363e-03;8.188492655754089355e-01
1.483235741034150124e-03;5.041774734854698181e-02;9.998695850372314453e-01;5.805307254195213318e-02;9.999934434890747070e-01;9.998945593833923340e-01;8.096156269311904907e-02;9.999961853027343750e-01;3.894889494404196739e-03;9.999992251396179199e-01;2.230199286714196205e-03;9.999815225601196289e-01;9.992107748985290527e-01;9.689679741859436035e-01;8.495079874992370605e-01;9.997265934944152832e-01;9.999998211860656738e-01;1.748712406879349146e-06
9.999668002128601074e-01;9.993940591812133789e-01;9.808462345972657204e-05;9.994098544120788574e-01;5.913335030527377967e-07;8.459505625069141388e-05;9.996752142906188965e-01;1.860813004896044731e-03;9.999056458473205566e-01;2.096190873999148607e-04;9.999780654907226562e-01;6.552586331963539124e-03;2.027259906753897667e-03;7.134917974472045898e-01;9.996396303176879883e-01;1.063404943124623969e-05;3.033850504152724170e-08;1.000000000000000000e+00
5.155761241912841797e-01;3.690183075377717614e-05;1.469371002167463303e-02;6.909229854912268820e-10;1.348563237115740776e-03;1.141883898526430130e-02;4.607696610037237406e-06;9.141535498201847076e-03;4.329856336116790771e-01;1.079786196351051331e-02;6.764272451400756836e-01;1.847353381378979975e-08;1.626865975268287912e-09;1.195405108234126601e-09;1.811484793279305450e-07;3.671200713142752647e-03;4.016236634925007820e-04;9.999930262565612793e-01
3.522275073919445276e-05;1.635217631701380014e-04;9.998083114624023438e-01;8.957779209595173597e-05;9.998351931571960449e-01;9.999449849128723145e-01;3.672487509902566671e-04;3.636077642440795898e-01;2.628478396218270063e-04;6.057985424995422363e-01;1.008188410196453333e-04;6.647557893302291632e-05;5.010496170143596828e-05;4.532718594418838620e-05;1.422921312041580677e-03;9.987739324569702148e-01;9.526953101158142090e-01;5.083566065877676010e-04
9.999916553497314453e-01;9.999400973320007324e-01;1.440141350030899048e-04;9.999744296073913574e-01;1.135757520387414843e-05;1.482220341131323949e-05;9.998723268508911133e-01;9.842394590377807617e-01;9.999509453773498535e-01;9.390080571174621582e-01;9.999940395355224609e-01;9.999939203262329102e-01;9.993039369583129883e-01;9.999807476997375488e-01;9.999988675117492676e-01;5.166467963135801256e-05;7.174370693974196911e-04;1.000000000000000000e+00
1.281476928852498531e-03;1.962025165557861328e-01;9.998725652694702148e-01;9.956321716308593750e-01;9.999616146087646484e-01;9.998990297317504883e-01;5.075892806053161621e-01;9.999943971633911133e-01;1.250797184184193611e-03;9.999942779541015625e-01;1.240674406290054321e-03;9.999981522560119629e-01;9.999502301216125488e-01;9.998902678489685059e-01;9.998558759689331055e-01;9.997655153274536133e-01;9.999651312828063965e-01;4.235892556607723236e-04
9.998975396156311035e-01;9.987056255340576172e-01;1.333248801529407501e-04;9.959120750427246094e-01;9.218810532729548868e-07;7.117092900443822145e-05;9.987657666206359863e-01;2.169555227737873793e-04;9.997872710227966309e-01;3.356512024765834212e-05;9.999414682388305664e-01;6.354640354402363300e-04;2.162650780519470572e-04;2.075439989566802979e-01;9.988272786140441895e-01;2.038300226558931172e-05;1.022315032628284825e-08;1.000000000000000000e+00
1.123187976190820336e-04;2.334382088520214893e-06;9.197611808776855469e-01;2.209184657431251253e-07;7.632920742034912109e-01;9.325065016746520996e-01;2.740152922342531383e-06;6.680733058601617813e-04;2.652287948876619339e-04;9.243521490134298801e-04;1.441410713596269488e-04;2.206459548403927329e-08;1.119092463142123961e-08;5.780993106441201235e-08;2.219088128185831010e-05;6.528711318969726562e-01;9.816703386604785919e-04;7.539145350456237793e-01
9.998655319213867188e-01;9.998681545257568359e-01;2.033748775720596313e-01;9.985068440437316895e-01;1.110221957787871361e-03;2.215491682291030884e-01;9.999191761016845703e-01;2.108472690451890230e-04;9.999042749404907227e-01;1.774452357494737953e-05;9.999446868896484375e-01;2.936842747658374719e-06;1.384125243930611759e-05;2.249547839164733887e-02;9.984430670738220215e-01;8.414766937494277954e-02;1.169561301139765419e-07;1.000000000000000000e+00
9.999995231628417969e-01;9.999942779541015625e-01;1.898913469631224871e-04;9.999957680702209473e-01;3.520943664625519887e-06;4.412678754306398332e-05;9.999878406524658203e-01;7.879500389099121094e-01;9.999963045120239258e-01;3.517669439315795898e-01;9.999997019767761230e-01;9.973486065864562988e-01;9.197415113449096680e-01;9.997739195823669434e-01;9.999994635581970215e-01;6.888186180731281638e-05;8.300018635054584593e-06;1.000000000000000000e+00
2.490619011223316193e-02;9.555921678838785738e-06;8.254207372665405273e-01;3.747262766751191521e-08;9.566925764083862305e-01;9.117529392242431641e-01;1.106084141611063387e-06;9.999995231628417969e-01;9.984890930354595184e-03;9.999998807907104492e-01;4.579346999526023865e-02;9.136567711830139160e-01;4.021761566400527954e-02;2.463758864905685186e-04;4.242859631631290540e-06;5.957010984420776367e-01;9.999968409538269043e-01;1.086360290646553040e-01
9.999955296516418457e-01;9.999992251396179199e-01;5.285254120826721191e-01;9.999975562095642090e-01;1.917094588279724121e-01;3.892335295677185059e-01;9.999990463256835938e-01;9.999817013740539551e-01;9.999840259552001953e-01;9.999447464942932129e-01;9.999955892562866211e-01;9.999974370002746582e-01;9.999175667762756348e-01;9.999911189079284668e-01;9.999997019767761230e-01;2.867252826690673828e-01;9.540942907333374023e-01;9.999997615814208984e-01
9.782537221908569336e-01;4.082345589995384216e-02;1.715990453958511353e-01;7.755577826173976064e-05;6.859174370765686035e-02;8.743222802877426147e-02;1.087358035147190094e-02;8.246570825576782227e-01;9.529678225517272949e-01;8.911748528480529785e-01;9.898353219032287598e-01;5.301439203321933746e-03;4.917699843645095825e-04;2.023693377850577235e-04;9.494171477854251862e-03;6.738448143005371094e-02;1.751650720834732056e-01;9.999464154243469238e-01
9.891268610954284668e-01;3.347601592540740967e-01;3.784897853620350361e-04;8.329517208039760590e-03;7.979716428963001817e-06;6.737290532328188419e-04;1.943076401948928833e-01;2.742838696576654911e-04;9.898806810379028320e-01;8.040841203182935715e-05;9.965079426765441895e-01;8.484522368235047907e-06;9.364047741655667778e-07;1.477554469602182508e-04;6.782367080450057983e-02;4.414993964019231498e-05;7.292890131793683395e-07;9.999998807907104492e-01
9.999998211860656738e-01;9.999943375587463379e-01;7.870046538300812244e-04;9.999650120735168457e-01;5.755041001975769177e-06;2.852401521522551775e-04;9.999811053276062012e-01;8.908368349075317383e-01;9.999992251396179199e-01;3.414078950881958008e-01;1.000000000000000000e+00;8.425128459930419922e-01;3.256843686103820801e-01;9.954586625099182129e-01;9.999890327453613281e-01;1.352173276245594025e-04;1.263619560631923378e-05;1.000000000000000000e+00
7.951204478740692139e-02;9.992609620094299316e-01;9.999712705612182617e-01;9.999991059303283691e-01;9.999732971191406250e-01;9.999893903732299805e-01;9.999538064002990723e-01;9.992290735244750977e-01;2.338690310716629028e-01;9.989641904830932617e-01;1.104465574026107788e-01;9.999712109565734863e-01;9.999149441719055176e-01;9.999928474426269531e-01;9.999997615814208984e-01;9.998874068260192871e-01;9.987592697143554688e-01;2.470581233501434326e-02
1.000000000000000000e+00;1.000000000000000000e+00;1.667586527764797211e-02;9.999999403953552246e-01;9.997073357226327062e-05;1.003074832260608673e-02;9.999999403953552246e-01;9.996851682662963867e-01;9.999999403953552246e-01;9.951225519180297852e-01;1.000000000000000000e+00;9.990676045417785645e-01;9.905242919921875000e-01;9.999641180038452148e-01;1.000000000000000000e+00;1.147936005145311356e-02;7.001844351179897785e-04;1.000000000000000000e+00
9.867519736289978027e-01;3.953683674335479736e-01;4.108908469788730145e-04;1.089266967028379440e-02;8.527075806341599673e-06;7.395873544737696648e-04;2.611579298973083496e-01;2.387442364124581218e-04;9.893772006034851074e-01;6.629465497098863125e-05;9.959418177604675293e-01;6.662385203526355326e-06;8.912209068512311205e-07;1.529789878986775875e-04;7.225884497165679932e-02;5.341293581295758486e-05;5.618846330435189884e-07;9.999998807907104492e-01
5.709158778190612793e-01;3.639194983406923711e-05;1.321734208613634109e-02;8.480540159006011436e-10;1.157568418420851231e-03;1.080427132546901703e-02;4.705759238277096301e-06;7.248545065522193909e-03;4.745728969573974609e-01;8.095622062683105469e-03;7.139295935630798340e-01;1.333416221882544050e-08;1.174255470637319831e-09;1.072355759745846626e-09;2.144337685194841470e-07;3.691213205456733704e-03;2.741000789683312178e-04;9.999963641166687012e-01
2.561029032221995294e-05;8.592581934863119386e-07;9.569886922836303711e-01;1.260260802382617840e-07;9.986228942871093750e-01;9.284787774085998535e-01;2.051306637440575287e-06;1.719741267152130604e-04;9.922726894728839397e-05;1.097226515412330627e-03;1.129928841692162678e-05;3.035887129954062402e-05;2.326709000044502318e-05;3.925333658116869628e-06;7.172225650720065460e-06;8.247396945953369141e-01;7.535247802734375000e-01;1.601467403133938205e-08
9.999998211860656738e-01;9.999956488609313965e-01;3.132545680273324251e-04;9.999828934669494629e-01;5.374090505938511342e-06;1.424261572537943721e-04;9.999912977218627930e-01;9.062563180923461914e-01;9.999991059303283691e-01;5.632544159889221191e-01;9.999999403953552246e-01;9.821634292602539062e-01;7.895890474319458008e-01;9.986913800239562988e-01;9.999963641166687012e-01;1.384018250973895192e-04;2.898523052863311023e-05;1.000000000000000000e+00
1.360452324151992798e-01;1.527316344436258078e-04;1.406071678502485156e-04;2.926763272625976242e-06;4.576412538881413639e-05;3.979775938205420971e-04;4.421309495228342712e-05;1.011467818170785904e-02;1.384742707014083862e-01;1.347531750798225403e-02;2.357130050659179688e-01;2.500717760995030403e-03;5.464532296173274517e-05;9.129929821938276291e-05;1.315430563408881426e-04;2.023478191404137760e-05;8.428398869000375271e-04;8.723399043083190918e-01
4.742693603038787842e-01;1.193933188915252686e-03;5.640404997393488884e-04;1.875452107924502343e-05;4.159868331043981016e-05;7.028764230199158192e-04;6.777314119972288609e-04;3.957955050282180309e-05;4.857335090637207031e-01;1.915712346090003848e-05;5.723709464073181152e-01;1.164220293503603898e-06;1.584946289767685812e-07;4.967085715179564431e-06;6.764991558156907558e-04;8.189823711290955544e-05;1.002676640382560436e-06;9.999615550041198730e-01
9.999991059303283691e-01;9.999228119850158691e-01;4.120858648093417287e-05;9.997521638870239258e-01;2.302456749703196692e-07;4.442724821274168789e-05;9.999113082885742188e-01;1.238187104463577271e-01;9.999955892562866211e-01;1.494530402123928070e-02;9.999995231628417969e-01;1.776906847953796387e-01;2.246891148388385773e-02;9.304018020629882812e-01;9.998772740364074707e-01;5.740777851315215230e-06;3.897072247127653100e-07;1.000000000000000000e+00
9.999987483024597168e-01;9.998560547828674316e-01;2.704793769225943834e-05;9.996420741081237793e-01;2.032539043739234330e-07;2.842557296389713883e-05;9.998431801795959473e-01;9.980412572622299194e-02;9.999942183494567871e-01;1.453195419162511826e-02;9.999992847442626953e-01;2.666742503643035889e-01;2.767981030046939850e-02;9.300990104675292969e-01;9.998654723167419434e-01;4.105056632397463545e-06;4.676396940794802504e-07;1.000000000000000000e+00
1.719929627142846584e-03;2.902890089899301529e-03;9.982841610908508301e-01;1.446339738322421908e-04;9.998815655708312988e-01;9.995400309562683105e-01;4.023599904030561447e-03;9.999930858612060547e-01;6.497965659946203232e-03;9.999992847442626953e-01;4.111719317734241486e-03;9.990209341049194336e-01;9.281845688819885254e-01;1.094334051012992859e-01;2.034135535359382629e-02;9.968625903129577637e-01;9.999995231628417969e-01;7.572877620987128466e-06
1.259190738201141357e-01;1.286966289626434445e-04;1.253610680578276515e-04;2.006455815717345104e-06;4.441716737346723676e-05;3.506894281599670649e-04;3.463339453446678817e-05;1.127457525581121445e-02;1.280085593461990356e-01;1.739298924803733826e-02;2.314373701810836792e-01;2.664430299773812294e-03;5.570067878579720855e-05;7.958849164424464107e-05;8.902411354938521981e-05;2.029627830779645592e-05;1.021404867060482502e-03;8.514811992645263672e-01
1.203254287247546017e-04;2.069877155008725822e-06;9.638882875442504883e-01;5.303895704855676740e-07;8.932698369026184082e-01;9.680659770965576172e-01;2.031042640737723559e-06;5.243759136646986008e-03;2.134542155545204878e-04;6.243241485208272934e-03;1.603507553227245808e-04;1.841946186686982401e-07;6.979755085012584459e-08;2.756944752491108375e-07;5.523388608708046377e-05;8.340415358543395996e-01;4.041809588670730591e-03;7.882407307624816895e-01
2.159253926947712898e-05;3.256226409575901926e-05;2.134530693292617798e-01;9.376607486046850681e-04;3.464432060718536377e-01;4.092598259449005127e-01;3.524142812239006162e-05;2.014927715063095093e-01;8.327649265993386507e-05;2.499272227287292480e-01;4.308807183406315744e-05;2.400375008583068848e-01;5.595126003026962280e-02;6.495013087987899780e-02;2.584193600341677666e-03;2.985196933150291443e-02;2.816706597805023193e-01;4.915837962471414357e-06
9.994939565658569336e-01;9.891662597656250000e-01;2.061190316453576088e-04;8.712552189826965332e-01;2.338356807740638033e-06;1.341329625574871898e-04;9.871236085891723633e-01;1.172873962786979973e-04;9.992928504943847656e-01;1.987610085052438080e-05;9.997498393058776855e-01;6.523997581098228693e-05;2.178416616516187787e-05;1.172918640077114105e-02;9.735456109046936035e-01;3.701454625115729868e-05;2.306878421620695008e-08;1.000000000000000000e+00
9.999997615814208984e-01;9.999929070472717285e-01;6.459625437855720520e-04;9.999726414680480957e-01;8.552395229344256222e-06;3.653010644484311342e-04;9.999858736991882324e-01;8.657816648483276367e-01;9.999992847442626953e-01;3.994151651859283447e-01;9.999999403953552246e-01;7.944489717483520508e-01;3.535895943641662598e-01;9.935075044631958008e-01;9.999897480010986328e-01;2.459320530761033297e-04;1.309616072830976918e-05;1.000000000000000000e+00
9.400855051353573799e-04;7.317184805870056152e-01;9.998904466629028320e-01;9.999815821647644043e-01;9.998431205749511719e-01;9.999354481697082520e-01;9.436416625976562500e-01;9.992846250534057617e-01;1.647350145503878593e-03;9.978831410408020020e-01;1.167850452475249767e-03;9.999700188636779785e-01;9.997806549072265625e-01;9.999871253967285156e-01;9.999982118606567383e-01;9.997615218162536621e-01;9.799846410751342773e-01;4.878030344843864441e-02
9.800364375114440918e-01;7.220357074402272701e-04;5.370175931602716446e-03;1.842184538247693126e-08;2.580627915449440479e-04;2.073625335469841957e-03;7.712632213952019811e-05;2.644898602738976479e-03;9.543352127075195312e-01;1.319593982771039009e-03;9.832704067230224609e-01;2.123360509642679972e-08;1.462089782577891128e-09;9.762294972404106375e-09;4.490339961193967611e-06;1.378871267661452293e-03;1.999540108954533935e-05;1.000000000000000000e+00
2.165254409192129970e-05;1.426498638466000557e-04;9.996916651725769043e-01;1.001129597425460815e-01;9.994831085205078125e-01;9.994581341743469238e-01;5.534616648219525814e-04;6.777982413768768311e-02;3.316384027129970491e-05;3.838015720248222351e-02;1.518210501672001556e-05;1.560805365443229675e-03;1.157541526481509209e-03;2.671303413808345795e-02;8.223668336868286133e-01;9.993572831153869629e-01;2.133943699300289154e-02;2.709286808967590332e-01
3.287225365638732910e-01;1.420995795342605561e-05;6.062464118003845215e-01;1.819367656530346267e-09;8.546012639999389648e-01;7.629454135894775391e-01;1.301835709455190226e-06;9.997183680534362793e-01;2.093707919120788574e-01;9.999411702156066895e-01;4.971317648887634277e-01;8.583387359976768494e-03;6.871634104754775763e-05;1.004194359666144010e-06;2.927238824668165762e-07;2.475447803735733032e-01;9.998238682746887207e-01;5.643162727355957031e-01
2.046480585704557598e-05;1.389467361150309443e-04;9.997023940086364746e-01;8.450878411531448364e-02;9.994506239891052246e-01;9.994814991950988770e-01;5.182370077818632126e-04;5.710089951753616333e-02;3.237122655264101923e-05;3.173903003334999084e-02;1.438166782463667914e-05;9.674126631580293179e-04;7.716016261838376522e-04;1.959162019193172455e-02;7.801561951637268066e-01;9.993574023246765137e-01;1.743964105844497681e-02;3.198399245738983154e-01
2.640601247549057007e-02;2.287327370140701532e-04;9.784193634986877441e-01;4.376131073513533920e-06;9.917877912521362305e-01;9.925119876861572266e-01;4.101866579730994999e-05;9.999999403953552246e-01;1.474144868552684784e-02;1.000000000000000000e+00;6.249708682298660278e-02;9.934286475181579590e-01;4.632883965969085693e-01;1.044706720858812332e-02;2.430383756291121244e-04;9.374153017997741699e-01;9.999985694885253906e-01;2.043860703706741333e-01
9.999722242355346680e-01;9.993838667869567871e-01;1.143322879215702415e-04;9.994606971740722656e-01;6.896569288983300794e-07;9.120479808188974857e-05;9.996705651283264160e-01;1.474817632697522640e-03;9.999127984046936035e-01;1.501660881331190467e-04;9.999766945838928223e-01;5.004135891795158386e-03;1.623947056941688061e-03;6.809058785438537598e-01;9.996749162673950195e-01;1.128701114794239402e-05;2.439660207187444030e-08;1.000000000000000000e+00
6.702369864797219634e-05;2.468614256940782070e-04;4.255126118659973145e-01;5.912579596042633057e-03;2.653115689754486084e-01;7.552738785743713379e-01;1.664196723140776157e-03;1.417338699102401733e-01;8.758998592384159565e-05;2.132611274719238281e-01;4.609173629432916641e-05;4.838642477989196777e-02;3.568824753165245056e-02;2.015031315386295319e-02;1.207330636680126190e-02;2.658192813396453857e-01;5.191523581743240356e-02;3.641921503003686666e-04
9.999964237213134766e-01;9.999997019767761230e-01;6.826416850090026855e-01;9.999985098838806152e-01;2.980383336544036865e-01;5.676564574241638184e-01;9.999997019767761230e-01;9.999643564224243164e-01;9.999902248382568359e-01;9.999191164970397949e-01;9.999967813491821289e-01;9.999945163726806641e-01;9.998719096183776855e-01;9.999895095825195312e-01;9.999998211860656738e-01;4.661452770233154297e-01;9.396633505821228027e-01;9.999998807907104492e-01
7.846461534500122070e-01;1.115206163376569748e-02;9.737534128362312913e-05;1.143217086791992188e-04;1.546350395074114203e-04;1.531493035145103931e-04;4.392397822812199593e-04;9.999637007713317871e-01;6.191540956497192383e-01;9.999700188636779785e-01;9.189566373825073242e-01;9.998217821121215820e-01;8.159312009811401367e-01;4.416897296905517578e-01;1.860715681686997414e-03;3.130601908196695149e-05;9.700455069541931152e-01;9.568497538566589355e-01
9.997041225433349609e-01;9.939292073249816895e-01;1.942954113474115729e-04;9.453243017196655273e-01;1.875736643341952004e-06;1.237835822394117713e-04;9.929699897766113281e-01;1.232093927683308721e-04;9.995263218879699707e-01;2.038745515164919198e-05;9.998411536216735840e-01;9.486368799116462469e-05;3.246775304432958364e-05;2.284709736704826355e-02;9.879463315010070801e-01;3.515553180477581918e-05;1.876598965111497819e-08;1.000000000000000000e+00
1.977146118879318237e-01;9.997247457504272461e-01;9.999949932098388672e-01;9.999996423721313477e-01;9.999893307685852051e-01;9.999992251396179199e-01;9.999792575836181641e-01;9.999599456787109375e-01;5.067502856254577637e-01;9.999275207519531250e-01;4.314929544925689697e-01;9.999274611473083496e-01;9.999060034751892090e-01;9.999901056289672852e-01;9.999995827674865723e-01;9.999756217002868652e-01;9.998393654823303223e-01;3.642296791076660156e-01
9.853882789611816406e-01;9.999956488609313965e-01;9.995760917663574219e-01;9.999997615814208984e-01;9.965705871582031250e-01;9.999045729637145996e-01;9.999997019767761230e-01;9.883893728256225586e-01;9.957143664360046387e-01;9.709135890007019043e-01;9.947667121887207031e-01;9.821621179580688477e-01;9.933099150657653809e-01;9.997819662094116211e-01;9.999997615814208984e-01;9.988638162612915039e-01;7.664983868598937988e-01;9.999307394027709961e-01
1.556206196546554565e-01;4.987618376617319882e-05;1.724468747852370143e-04;1.218047259499144275e-06;9.201977081829681993e-05;1.121598543250001967e-04;2.498264075256884098e-05;9.136094711720943451e-03;5.193423479795455933e-02;2.443720586597919464e-02;1.183957010507583618e-01;2.795364242047071457e-03;8.390709990635514259e-05;3.843803278869017959e-05;1.177067606477066875e-04;2.798349669319577515e-05;8.621390443295240402e-04;4.933572113513946533e-01
1.195820746943354607e-03;6.972473263740539551e-01;9.999203681945800781e-01;9.999472498893737793e-01;9.998462796211242676e-01;9.999715089797973633e-01;9.232251048088073730e-01;9.997152090072631836e-01;2.050728071480989456e-03;9.993345141410827637e-01;1.911870320327579975e-03;9.998893737792968750e-01;9.995710253715515137e-01;9.999461770057678223e-01;9.999915957450866699e-01;9.998562335968017578e-01;9.896194934844970703e-01;1.044193431735038757e-01
7.878392352722585201e-05;2.577331315478659235e-06;9.865936040878295898e-01;1.857818006101297215e-06;9.605017900466918945e-01;9.877471327781677246e-01;2.889913957915268838e-06;1.230750884860754013e-02;1.487214467488229275e-04;1.329012401401996613e-02;1.072868326446041465e-04;5.546160082303686067e-07;2.299402268590711174e-07;1.034207912198326085e-06;1.664976007305085659e-04;9.351618885993957520e-01;7.620471064001321793e-03;7.031539678573608398e-01
2.297251921845600009e-04;4.758194700116291642e-05;9.997427463531494141e-01;4.729147985926829278e-05;9.994903206825256348e-01;9.998917579650878906e-01;1.335777196800336242e-04;1.301126182079315186e-01;7.615950307808816433e-04;1.375927031040191650e-01;2.720910706557333469e-04;1.215429506373766344e-06;1.827111645980039611e-06;7.045534403005149215e-06;6.087228539399802685e-04;9.969278573989868164e-01;4.845539927482604980e-01;1.270652711391448975e-01
1.000000000000000000e+00;9.999999403953552246e-01;6.837152875959873199e-03;9.999997615814208984e-01;3.212817318853922188e-05;4.106710199266672134e-03;9.999998807907104492e-01;9.998220801353454590e-01;1.000000000000000000e+00;9.953669905662536621e-01;1.000000000000000000e+00;9.978918433189392090e-01;9.768786430358886719e-01;9.999032616615295410e-01;9.999998211860656738e-01;3.675010055303573608e-03;4.087203415110707283e-04;1.000000000000000000e+00
9.998872876167297363e-01;9.991096258163452148e-01;2.615334815345704556e-04;9.979711771011352539e-01;1.447113731956051197e-06;1.837677555158734322e-04;9.993367195129394531e-01;1.413804711773991585e-04;9.997801184654235840e-01;1.996314676944166422e-05;9.999333620071411133e-01;2.355361211812123656e-04;1.443809742340818048e-04;1.841433048248291016e-01;9.991736412048339844e-01;3.928147634724155068e-05;6.870151558757697785e-09;1.000000000000000000e+00
1.185847744345664978e-01;9.991335272789001465e-01;9.998455047607421875e-01;9.999990463256835938e-01;9.999222755432128906e-01;9.998849630355834961e-01;9.999293088912963867e-01;9.984843134880065918e-01;2.453795373439788818e-01;9.983319044113159180e-01;1.357131451368331909e-01;9.999971985816955566e-01;9.999799728393554688e-01;9.999976158142089844e-01;9.999999403953552246e-01;9.995361566543579102e-01;9.978804588317871094e-01;4.860214423388242722e-03
8.870296005625277758e-05;2.390430836385348812e-06;9.598512649536132812e-01;5.516219516721321270e-07;8.770590424537658691e-01;9.679075479507446289e-01;2.981654915856779553e-06;2.135328715667128563e-03;1.966786221601068974e-04;2.834797371178865433e-03;1.189118411275558174e-04;8.198929180025515961e-08;3.859670982819807250e-08;1.895176211519356002e-07;5.106937169330194592e-05;8.054533600807189941e-01;2.161182230338454247e-03;7.190205454826354980e-01
1.358886802336201072e-04;2.166799504266236909e-06;9.829583764076232910e-01;1.624594347049423959e-06;9.523224234580993652e-01;9.855090379714965820e-01;2.094924866469227709e-06;2.277903817594051361e-02;1.986096613109111786e-04;2.233128249645233154e-02;1.745574700180441141e-04;8.949479024522588588e-07;3.093652765073784394e-07;1.157637143478496000e-06;1.742063177516683936e-04;9.239112734794616699e-01;1.018562633544206619e-02;8.234772086143493652e-01
9.989030361175537109e-01;9.992494583129882812e-01;1.476986426860094070e-02;9.998055696487426758e-01;3.054068656638264656e-04;7.825842127203941345e-03;9.997379183769226074e-01;1.008905892376787961e-04;9.988403916358947754e-01;1.031356259773019701e-05;9.994395971298217773e-01;1.416984945535659790e-03;1.020375522784888744e-03;7.022591829299926758e-01;9.999791979789733887e-01;6.266775075346231461e-03;6.131409691079170443e-08;1.000000000000000000e+00
2.180985939048696309e-05;1.463037333451211452e-04;9.997173547744750977e-01;9.865479916334152222e-02;9.994640946388244629e-01;9.995201826095581055e-01;5.648752558045089245e-04;5.494492873549461365e-02;3.294589623692445457e-05;3.112785704433917999e-02;1.508048717369092628e-05;1.077457447536289692e-03;8.652090327814221382e-04;2.295350655913352966e-02;8.120778203010559082e-01;9.993700385093688965e-01;1.768836379051208496e-02;3.116838634014129639e-01
9.999998807907104492e-01;9.999998807907104492e-01;1.625140570104122162e-02;9.999997615814208984e-01;4.293668316677212715e-04;5.711296107620000839e-03;9.999997615814208984e-01;9.998381733894348145e-01;9.999992251396179199e-01;9.985234141349792480e-01;9.999999403953552246e-01;9.999778866767883301e-01;9.995191693305969238e-01;9.999918937683105469e-01;1.000000000000000000e+00;9.892527014017105103e-03;8.580616675317287445e-03;1.000000000000000000e+00
7.750946283340454102e-02;8.426323533058166504e-01;9.991722106933593750e-01;9.993751049041748047e-01;9.991118311882019043e-01;9.991482496261596680e-01;9.690773487091064453e-01;9.976528882980346680e-01;8.021374046802520752e-02;9.950575828552246094e-01;7.387507706880569458e-02;9.980729222297668457e-01;9.936901330947875977e-01;9.985193610191345215e-01;9.999496340751647949e-01;9.985834956169128418e-01;9.465644359588623047e-01;9.098182916641235352e-01
9.999994635581970215e-01;9.999872446060180664e-01;7.870282861404120922e-04;9.999609589576721191e-01;5.834162493556505069e-06;4.719288263004273176e-04;9.999765753746032715e-01;7.118523716926574707e-01;9.999984502792358398e-01;1.507475674152374268e-01;9.999998807907104492e-01;6.318532228469848633e-01;1.642370522022247314e-01;9.904516339302062988e-01;9.999852776527404785e-01;1.985023118322715163e-04;6.068893981137080118e-06;1.000000000000000000e+00
3.106210380792617798e-02;2.568479685578495264e-04;9.808186292648315430e-01;7.844301762816030532e-06;9.943125247955322266e-01;9.929783344268798828e-01;4.968671419192105532e-05;9.999999403953552246e-01;1.574506796896457672e-02;1.000000000000000000e+00;6.461509317159652710e-02;9.968421459197998047e-01;6.392496824264526367e-01;2.008540555834770203e-02;4.469392879400402308e-04;9.468030929565429688e-01;9.999989867210388184e-01;1.082620844244956970e-01
6.984248012304306030e-02;7.417258893838152289e-05;1.379793538944795728e-04;1.682102379163552541e-06;5.915098518016748130e-05;4.382073821034282446e-04;2.320068415428977460e-05;1.234705187380313873e-02;7.732784748077392578e-02;1.938084885478019714e-02;1.316865682601928711e-01;2.891134005039930344e-03;6.584882066817954183e-05;7.775320409564301372e-05;7.432729034917429090e-05;2.297594437550287694e-05;1.256798743270337582e-03;7.032147049903869629e-01
9.449549317359924316e-01;7.266055326908826828e-03;1.613447384443134069e-04;5.066587618784978986e-05;1.170278701465576887e-04;7.024690421530976892e-05;2.400484867393970490e-03;9.999662637710571289e-01;5.780088305473327637e-01;9.999820590019226074e-01;9.088582992553710938e-01;9.998641610145568848e-01;9.587956666946411133e-01;2.507667243480682373e-01;2.579063409939408302e-03;5.400758527684956789e-05;9.717005491256713867e-01;7.534073591232299805e-01
9.796981215476989746e-01;3.664048761129379272e-02;1.744095534086227417e-01;8.877377695171162486e-05;9.006276726722717285e-02;9.969060122966766357e-02;9.487393312156200409e-03;9.244847893714904785e-01;9.521675109863281250e-01;9.558845758438110352e-01;9.911224246025085449e-01;1.561066322028636932e-02;1.214794116094708443e-03;3.375225351192057133e-04;1.230493001639842987e-02;7.315923273563385010e-02;3.876978158950805664e-01;9.999065995216369629e-01
9.995877742767333984e-01;9.999960064888000488e-01;9.545753598213195801e-01;9.999998807907104492e-01;9.254571795463562012e-01;9.694947600364685059e-01;9.999976158142089844e-01;9.999998211860656738e-01;9.989823102951049805e-01;9.999995827674865723e-01;9.997800588607788086e-01;1.000000000000000000e+00;9.999997615814208984e-01;9.999998807907104492e-01;1.000000000000000000e+00;9.237389564514160156e-01;9.996654391288757324e-01;9.998159408569335938e-01
9.999921321868896484e-01;9.999290704727172852e-01;8.831142622511833906e-05;9.999710321426391602e-01;1.674310806265566498e-05;3.748307426576502621e-05;9.999422430992126465e-01;9.757181406021118164e-01;9.999036192893981934e-01;9.004142880439758301e-01;9.999724030494689941e-01;9.999966025352478027e-01;9.995101690292358398e-01;9.999804496765136719e-01;9.999983310699462891e-01;9.184952068608254194e-05;1.551804947666823864e-03;9.999998807907104492e-01
7.458269000053405762e-01;8.383272215723991394e-04;6.000270601361989975e-03;6.914574441907461733e-07;1.913344167405739427e-04;3.524669213220477104e-03;3.119251341558992863e-04;2.252741433039773256e-05;6.991551518440246582e-01;8.191906999854836613e-06;7.730594873428344727e-01;3.839762729995754853e-09;1.229391588530859281e-09;4.970171474383278110e-08;3.348704558447934687e-05;1.091548707336187363e-03;4.135179665354371537e-07;9.999997615814208984e-01
9.999831914901733398e-01;9.999201893806457520e-01;1.316904090344905853e-04;9.999527931213378906e-01;2.265929833811242133e-05;4.933360469294711947e-05;9.998407363891601562e-01;9.969128370285034180e-01;9.999032616615295410e-01;9.871177673339843750e-01;9.999890327453613281e-01;9.999939203262329102e-01;9.992173314094543457e-01;9.999771714210510254e-01;9.999954104423522949e-01;7.648341124877333641e-05;5.308857653290033340e-03;9.999998211860656738e-01
9.999994039535522461e-01;9.999928474426269531e-01;1.972382451640442014e-04;9.999950528144836426e-01;3.616498361225239933e-06;3.977775122621096671e-05;9.999861717224121094e-01;7.832373380661010742e-01;9.999949932098388672e-01;2.707896530628204346e-01;9.999996423721313477e-01;9.981990456581115723e-01;9.333622455596923828e-01;9.998022913932800293e-01;9.999995827674865723e-01;5.099155532661825418e-05;1.006061575026251376e-05;1.000000000000000000e+00
1.000000000000000000e+00;1.000000000000000000e+00;1.067208684980869293e-02;9.999998211860656738e-01;7.927996921353042126e-05;5.506059154868125916e-03;9.999999403953552246e-01;9.998094439506530762e-01;9.999999403953552246e-01;9.968514442443847656e-01;1.000000000000000000e+00;9.996210932731628418e-01;9.932935237884521484e-01;9.999651312828063965e-01;9.999999403953552246e-01;6.063330452889204025e-03;1.769116031937301159e-03;1.000000000000000000e+00
8.329449892044067383e-01;1.255075726658105850e-02;1.231570204254239798e-04;7.941178046166896820e-05;2.368926070630550385e-04;1.183986241812817752e-04;6.988444947637617588e-04;9.999763369560241699e-01;7.360033392906188965e-01;9.999702572822570801e-01;9.509160518646240234e-01;9.997999072074890137e-01;8.382725715637207031e-01;4.779917001724243164e-01;2.600877312943339348e-03;2.552979822212364525e-05;9.663282036781311035e-01;9.478006362915039062e-01
9.996743202209472656e-01;9.999985694885253906e-01;9.759832620620727539e-01;9.999998807907104492e-01;9.561534523963928223e-01;9.866765141487121582e-01;9.999994635581970215e-01;9.999995827674865723e-01;9.994072318077087402e-01;9.999989867210388184e-01;9.998208880424499512e-01;1.000000000000000000e+00;9.999995827674865723e-01;9.999999403953552246e-01;1.000000000000000000e+00;9.499567151069641113e-01;9.995799660682678223e-01;9.997426867485046387e-01
9.998410344123840332e-01;9.999062418937683105e-01;6.836821883916854858e-02;9.997525215148925781e-01;5.893116467632353306e-04;5.791383236646652222e-02;9.999557137489318848e-01;2.810629084706306458e-04;9.998257160186767578e-01;2.811432386806700379e-05;9.998953342437744141e-01;2.295844315085560083e-04;4.864902293775230646e-04;3.557274639606475830e-01;9.998736977577209473e-01;3.098554909229278564e-02;1.712018757871192065e-07;1.000000000000000000e+00
9.999793171882629395e-01;9.999228119850158691e-01;5.338374525308609009e-03;9.999521374702453613e-01;3.884963007294572890e-05;2.158206189051270485e-03;9.999579787254333496e-01;5.788818933069705963e-03;9.999691247940063477e-01;4.559682856779545546e-04;9.999912381172180176e-01;5.312756635248661041e-03;4.884944763034582138e-03;8.729424476623535156e-01;9.999643564224243164e-01;1.175496727228164673e-03;1.130975277874313178e-07;1.000000000000000000e+00
9.999820590019226074e-01;9.979475736618041992e-01;1.223406344652175903e-01;7.962362766265869141e-01;3.953670151531696320e-03;2.217080071568489075e-02;9.974687099456787109e-01;6.185344420373439789e-03;9.999476075172424316e-01;1.635468215681612492e-03;9.999835491180419922e-01;6.643983942922204733e-05;3.685519914142787457e-05;5.223975051194429398e-03;9.876220226287841797e-01;3.153585642576217651e-02;1.116162275138776749e-05;1.000000000000000000e+00
8.301474736072123051e-04;2.462541260683792643e-06;9.740909934043884277e-01;7.488337949723700149e-09;9.970819950103759766e-01;9.870670437812805176e-01;9.311613666795892641e-07;8.944875597953796387e-01;2.504606731235980988e-03;9.758219718933105469e-01;1.468937960453331470e-03;4.148587118834257126e-03;7.491242286050692201e-05;1.568167135701514781e-06;3.774082188101601787e-06;9.068103432655334473e-01;9.997516274452209473e-01;1.016942587739322335e-05
2.661388218402862549e-01;5.089777005196083337e-06;7.897396385669708252e-02;3.414131199974690389e-10;1.098475605249404907e-02;7.925810664892196655e-02;4.758767602197622182e-07;1.175745874643325806e-01;1.795300096273422241e-01;1.312413811683654785e-01;4.854984581470489502e-01;9.059078820428112522e-08;4.522974439424842785e-09;2.018775369094782945e-09;8.704507337142786128e-08;1.641261391341686249e-02;9.262821637094020844e-03;9.999609589576721191e-01
1.309894578298553824e-04;4.553887629299424589e-05;9.998944401741027832e-01;1.790484675439074636e-04;9.998210668563842773e-01;9.999684095382690430e-01;1.446586393285542727e-04;6.010084152221679688e-01;3.987582458648830652e-04;6.060168147087097168e-01;1.749957882566377521e-04;1.934578358486760408e-05;1.924881689774338156e-05;5.091891216579824686e-05;2.071514958515763283e-03;9.991340637207031250e-01;8.451467156410217285e-01;9.863968938589096069e-02
8.595264516770839691e-03;8.065379261970520020e-01;9.999133944511413574e-01;9.999657869338989258e-01;9.998791813850402832e-01;9.999556541442871094e-01;9.759240150451660156e-01;9.998419284820556641e-01;1.005034800618886948e-02;9.995666146278381348e-01;9.015669114887714386e-03;9.998986124992370605e-01;9.995871186256408691e-01;9.999435544013977051e-01;9.999939203262329102e-01;9.997977614402770996e-01;9.925394654273986816e-01;5.187432765960693359e-01
1.631149934837594628e-04;8.423603503615595400e-06;3.574897302314639091e-03;7.083685341058298945e-05;1.658406923525035381e-03;2.432440640404820442e-03;3.101211768807843328e-05;7.191827171482145786e-04;7.481175998691469431e-05;6.891888333484530449e-04;3.008507519552949816e-05;5.491813062690198421e-04;1.664812443777918816e-04;4.445625527296215296e-04;1.341940136626362801e-03;1.348844612948596478e-03;2.655673779372591525e-05;4.874161630868911743e-02
1.021301577566191554e-04;5.696677180822007358e-05;9.999326467514038086e-01;3.773923090193420649e-04;9.998823404312133789e-01;9.999792575836181641e-01;1.870720006991177797e-04;7.737787365913391113e-01;3.341192787047475576e-04;7.540726065635681152e-01;1.611727057024836540e-04;4.224387157591991127e-05;4.284293027012608945e-05;1.096729683922603726e-04;3.797254059463739395e-03;9.994979500770568848e-01;8.944915533065795898e-01;1.051451936364173889e-01
9.996179938316345215e-01;9.999966621398925781e-01;9.607019424438476562e-01;9.999999403953552246e-01;9.266455173492431641e-01;9.788032770156860352e-01;9.999982714653015137e-01;9.999998211860656738e-01;9.990843534469604492e-01;9.999995231628417969e-01;9.997975826263427734e-01;1.000000000000000000e+00;9.999997615814208984e-01;9.999998807907104492e-01;1.000000000000000000e+00;9.210590124130249023e-01;9.996770620346069336e-01;9.996972680091857910e-01
2.284482587128877640e-03;1.888032071292400360e-03;9.976004362106323242e-01;1.611373445484787226e-04;9.998661875724792480e-01;9.984291195869445801e-01;1.866747508756816387e-03;9.999977946281433105e-01;5.795939825475215912e-03;9.999997019767761230e-01;9.460214525461196899e-03;9.994130134582519531e-01;9.683667421340942383e-01;1.677087247371673584e-01;1.800759322941303253e-02;9.933793544769287109e-01;9.999995827674865723e-01;1.922722367453388870e-05
6.994856812525540590e-05;2.755651166808092967e-06;9.887610673904418945e-01;2.591631755421985872e-06;9.689736366271972656e-01;9.901738166809082031e-01;3.145484924971242435e-06;1.557013392448425293e-02;1.170776595245115459e-04;1.687622256577014923e-02;8.747554966248571873e-05;9.260029969482275192e-07;3.956600380661257077e-07;1.668588879510934930e-06;2.300368796568363905e-04;9.442328214645385742e-01;1.017888262867927551e-02;5.976154804229736328e-01
1.000000000000000000e+00;1.000000000000000000e+00;9.810521267354488373e-03;9.999997615814208984e-01;7.679929694859310985e-05;6.159871816635131836e-03;9.999999403953552246e-01;9.998037219047546387e-01;9.999999403953552246e-01;9.968625307083129883e-01;1.000000000000000000e+00;9.994604587554931641e-01;9.922203421592712402e-01;9.999576210975646973e-01;9.999999403953552246e-01;6.700431928038597107e-03;1.362089882604777813e-03;1.000000000000000000e+00
9.045658633112907410e-03;8.181729316711425781e-01;9.999104738235473633e-01;9.999662637710571289e-01;9.998764991760253906e-01;9.999510049819946289e-01;9.768071770668029785e-01;9.998593926429748535e-01;9.796866215765476227e-03;9.996016025543212891e-01;9.191074408590793610e-03;9.999107718467712402e-01;9.996399283409118652e-01;9.999480843544006348e-01;9.999942779541015625e-01;9.997931718826293945e-01;9.931926727294921875e-01;4.697358012199401855e-01
4.682338840211741626e-05;2.204332995461300015e-04;9.999393224716186523e-01;6.519113085232675076e-04;9.997941255569458008e-01;9.999870657920837402e-01;4.827181401196867228e-04;7.975024580955505371e-01;2.471930347383022308e-04;8.483896851539611816e-01;1.834634749684482813e-04;7.320575241465121508e-05;8.246616926044225693e-05;1.540785306133329868e-04;5.381639581173658371e-03;9.996543526649475098e-01;9.123064279556274414e-01;5.008514598011970520e-02
9.999843835830688477e-01;9.999170303344726562e-01;1.271889777854084969e-04;9.999769926071166992e-01;1.385818541166372597e-05;1.893105218186974525e-05;9.997940063476562500e-01;9.723922014236450195e-01;9.999156594276428223e-01;9.162907600402832031e-01;9.999910593032836914e-01;9.999918341636657715e-01;9.990934729576110840e-01;9.999827146530151367e-01;9.999985694885253906e-01;4.346349305706098676e-05;6.831940263509750366e-04;9.999999403953552246e-01
4.333770573139190674e-01;9.395376443862915039e-01;9.887295961380004883e-01;9.970566034317016602e-01;9.786534905433654785e-01;9.889894127845764160e-01;9.918848872184753418e-01;6.690377593040466309e-01;4.749079644680023193e-01;5.233522057533264160e-01;3.592930734157562256e-01;6.693707108497619629e-01;6.298535466194152832e-01;9.378558397293090820e-01;9.998276233673095703e-01;9.843075275421142578e-01;1.218037083745002747e-01;9.974499940872192383e-01
9.999988675117492676e-01;9.999908208847045898e-01;1.837784366216510534e-04;9.999949336051940918e-01;6.041723281668964773e-06;2.652965122251771390e-05;9.999785423278808594e-01;9.354494810104370117e-01;9.999908208847045898e-01;7.562492489814758301e-01;9.999991655349731445e-01;9.998919367790222168e-01;9.939830899238586426e-01;9.999598264694213867e-01;9.999996423721313477e-01;6.755029608029872179e-05;7.919043855508789420e-05;1.000000000000000000e+00
2.648534476757049561e-01;2.734482222876977175e-05;5.472007989883422852e-01;1.822211936897133455e-09;6.983210444450378418e-01;7.158323526382446289e-01;1.888004931061004754e-06;9.998137950897216797e-01;2.123413681983947754e-01;9.999538660049438477e-01;5.800622105598449707e-01;8.700467646121978760e-03;7.766923226881772280e-05;1.019124965750961564e-06;2.965848295843898086e-07;2.781361639499664307e-01;9.998005032539367676e-01;6.509871482849121094e-01
9.999993443489074707e-01;9.999930858612060547e-01;1.936831686180084944e-04;9.999940991401672363e-01;3.655783302747295238e-06;3.690950325108133256e-05;9.999856352806091309e-01;8.011298775672912598e-01;9.999960660934448242e-01;3.058608770370483398e-01;9.999997615814208984e-01;9.979534149169921875e-01;9.380919933319091797e-01;9.998287558555603027e-01;9.999994635581970215e-01;5.766644244431518018e-05;1.025378878694027662e-05;1.000000000000000000e+00
9.961727857589721680e-01;9.999836683273315430e-01;9.815980792045593262e-01;9.994570612907409668e-01;9.974969029426574707e-01;9.767290949821472168e-01;9.999960660934448242e-01;9.978414177894592285e-01;9.990336894989013672e-01;9.994897842407226562e-01;9.980897903442382812e-01;9.999903440475463867e-01;9.998584985733032227e-01;9.995734691619873047e-01;9.999908804893493652e-01;9.636676311492919922e-01;9.998470544815063477e-01;6.222497299313545227e-02
9.999998211860656738e-01;9.999929666519165039e-01;1.099065528251230717e-03;9.999701976776123047e-01;5.536855951504549012e-06;8.265667711384594440e-04;9.999926090240478516e-01;7.567484974861145020e-01;9.999988079071044922e-01;1.895385980606079102e-01;9.999998807907104492e-01;7.406925559043884277e-01;2.479576915502548218e-01;9.934008717536926270e-01;9.999818801879882812e-01;3.429640491958707571e-04;1.007501759886508808e-05;1.000000000000000000e+00
4.359603917691856623e-04;2.047622054815292358e-01;9.999991059303283691e-01;9.965198040008544922e-01;9.999953508377075195e-01;9.999998807907104492e-01;6.064017415046691895e-01;9.999902248382568359e-01;1.375957159325480461e-03;9.999717473983764648e-01;1.293949084356427193e-03;9.413834810256958008e-01;9.409650564193725586e-01;9.820352196693420410e-01;9.956774711608886719e-01;9.999958276748657227e-01;9.997471570968627930e-01;5.457515716552734375e-01
9.896392822265625000e-01;4.825337976217269897e-02;1.069457530975341797e-01;7.084826938807964325e-05;4.668667912483215332e-02;4.936562478542327881e-02;1.017917599529027939e-02;9.012684226036071777e-01;9.731602072715759277e-01;9.398875236511230469e-01;9.953074455261230469e-01;1.339291874319314957e-02;8.658374426886439323e-04;2.767741971183568239e-04;1.098065450787544250e-02;4.103928059339523315e-02;2.658213675022125244e-01;9.999607205390930176e-01
1.162094846367835999e-01;9.993003606796264648e-01;9.999552965164184570e-01;9.999995827674865723e-01;9.999524354934692383e-01;9.999807476997375488e-01;9.999539852142333984e-01;9.989675283432006836e-01;2.618093192577362061e-01;9.982818961143493652e-01;1.500897556543350220e-01;9.999811053276062012e-01;9.999330639839172363e-01;9.999962449073791504e-01;9.999998807907104492e-01;9.998315572738647461e-01;9.968834519386291504e-01;5.542490258812904358e-02
1.252807490527629852e-02;4.862129935645498335e-05;2.044386928901076317e-04;9.935360139934346080e-06;1.228585257194936275e-03;1.802617916837334633e-04;3.422410736675374210e-05;9.995322823524475098e-01;1.410335768014192581e-03;9.998803138732910156e-01;3.586748847737908363e-03;9.999584555625915527e-01;9.868267774581909180e-01;2.298468202352523804e-01;1.704379828879609704e-04;2.392973256064578891e-04;9.906216263771057129e-01;7.589136657770723104e-05
9.759683012962341309e-01;3.904283419251441956e-02;1.906490623950958252e-01;8.484112913720309734e-05;9.363248944282531738e-02;1.098690256476402283e-01;1.053007971495389938e-02;9.075073599815368652e-01;9.479911923408508301e-01;9.452903270721435547e-01;9.891247749328613281e-01;1.196422148495912552e-02;1.041375100612640381e-03;2.948584442492574453e-04;1.132508832961320877e-02;8.054950088262557983e-02;3.272838890552520752e-01;9.998933076858520508e-01
9.998027086257934570e-01;9.999977946281433105e-01;9.359448552131652832e-01;9.999426603317260742e-01;9.656678438186645508e-01;9.224557280540466309e-01;9.999990463256835938e-01;9.997324347496032715e-01;9.998809099197387695e-01;9.998543858528137207e-01;9.999050498008728027e-01;9.999942183494567871e-01;9.998793005943298340e-01;9.998783469200134277e-01;9.999986290931701660e-01;8.840519189834594727e-01;9.991478919982910156e-01;9.917607307434082031e-01
1.542305253678932786e-04;3.244614708819426596e-05;2.778469352051615715e-03;1.267214393010362983e-04;6.140454788692295551e-04;3.636383917182683945e-03;1.576944487169384956e-05;5.835999618284404278e-04;2.628330548759549856e-04;4.794148844666779041e-04;2.702889032661914825e-04;2.990644425153732300e-04;5.080493065179325640e-05;6.464127218350768089e-04;1.409932156093418598e-03;5.225577042438089848e-04;2.050084549409803003e-05;1.751385331153869629e-01
1.696825921535491943e-01;4.750646894535748288e-06;2.189226299524307251e-01;5.598980168386447076e-10;4.135556146502494812e-02;2.514124810695648193e-01;4.637275310415134300e-07;4.128295779228210449e-01;1.172010600566864014e-01;4.566469788551330566e-01;3.549314141273498535e-01;4.317888055993535090e-07;2.110045649317271454e-08;6.391531748306533700e-09;1.216398430869958247e-07;6.384420394897460938e-02;4.828586429357528687e-02;9.999181032180786133e-01
3.216668367385864258e-01;9.986923336982727051e-01;9.998146295547485352e-01;9.999189376831054688e-01;9.999856948852539062e-01;9.998995065689086914e-01;9.997780919075012207e-01;9.999669790267944336e-01;5.745053291320800781e-01;9.999910593032836914e-01;3.725093603134155273e-01;9.999998807907104492e-01;9.999968409538269043e-01;9.999912381172180176e-01;9.999971985816955566e-01;9.996117353439331055e-01;9.999976158142089844e-01;3.582021963666193187e-05
9.996650815010070801e-01;9.999974370002746582e-01;9.760493040084838867e-01;9.999999403953552246e-01;9.567829966545104980e-01;9.846481680870056152e-01;9.999989271163940430e-01;9.999997615814208984e-01;9.991363286972045898e-01;9.999994039535522461e-01;9.997636079788208008e-01;1.000000000000000000e+00;9.999996423721313477e-01;1.000000000000000000e+00;1.000000000000000000e+00;9.627777338027954102e-01;9.996614456176757812e-01;9.998386502265930176e-01
6.701869424432516098e-04;1.973729376913979650e-04;9.948369860649108887e-01;3.983432179666124284e-06;9.994699358940124512e-01;9.966729283332824707e-01;1.381121837766841054e-04;9.999723434448242188e-01;1.101074391044676304e-03;9.999915957450866699e-01;6.727976724505424500e-04;9.931843876838684082e-01;6.295848488807678223e-01;1.129835005849599838e-02;1.384172355756163597e-03;9.838574528694152832e-01;9.999966025352478027e-01;5.647907073580427095e-06
9.975191950798034668e-01;9.999898672103881836e-01;9.952011108398437500e-01;9.999819993972778320e-01;9.984973073005676270e-01;9.970691204071044922e-01;9.999960660934448242e-01;9.999970197677612305e-01;9.986292123794555664e-01;9.999983310699462891e-01;9.990214705467224121e-01;9.999998211860656738e-01;9.999943971633911133e-01;9.999917745590209961e-01;9.999989867210388184e-01;9.901024699211120605e-01;9.999871850013732910e-01;8.149782419204711914e-01
9.998137354850769043e-01;9.556804895401000977e-01;2.678306482266634703e-04;6.241651773452758789e-01;4.551376150629948825e-06;7.361674943240359426e-05;9.657201170921325684e-01;1.735985861159861088e-04;9.991403222084045410e-01;4.009262920590117574e-05;9.996219873428344727e-01;6.869216304039582610e-05;1.853118556027766317e-05;8.200845681130886078e-03;9.193664193153381348e-01;3.275735798524692655e-05;4.997672320428137027e-08;1.000000000000000000e+00
2.241728268563747406e-02;2.857243525795638561e-04;9.804309010505676270e-01;6.277994998526992276e-06;9.927114844322204590e-01;9.954634308815002441e-01;5.545264139072969556e-05;9.999999403953552246e-01;1.583792641758918762e-02;1.000000000000000000e+00;5.307190120220184326e-02;9.950826764106750488e-01;5.669986009597778320e-01;1.494110561907291412e-02;2.842777175828814507e-04;9.482710361480712891e-01;9.999989867210388184e-01;1.272485107183456421e-01
9.997407793998718262e-01;9.920840859413146973e-01;1.787606597645208240e-04;9.204506874084472656e-01;1.826273660299193580e-06;1.182993146358057857e-04;9.900161027908325195e-01;1.513165479991585016e-04;9.995470643043518066e-01;2.495664011803455651e-05;9.998667240142822266e-01;8.772724686423316598e-05;2.813226819853298366e-05;1.802290417253971100e-02;9.844955801963806152e-01;3.199468483217060566e-05;2.261849374463054119e-08;1.000000000000000000e+00
1.000000000000000000e+00;9.999999403953552246e-01;8.719208650290966034e-03;9.999997615814208984e-01;7.430497498717159033e-05;3.912472631782293320e-03;9.999998807907104492e-01;9.998499155044555664e-01;9.999999403953552246e-01;9.974934458732604980e-01;1.000000000000000000e+00;9.996705651283264160e-01;9.943525791168212891e-01;9.999633431434631348e-01;9.999999403953552246e-01;5.285832565277814865e-03;1.512118848040699959e-03;1.000000000000000000e+00
9.999992251396179199e-01;9.999997019767761230e-01;6.163107603788375854e-02;9.999995231628417969e-01;4.219873808324337006e-03;2.653273567557334900e-02;9.999995827674865723e-01;9.999074339866638184e-01;9.999949932098388672e-01;9.995819926261901855e-01;9.999992847442626953e-01;9.999955892562866211e-01;9.998929500579833984e-01;9.999959468841552734e-01;9.999999403953552246e-01;4.129357635974884033e-02;1.310293674468994141e-01;1.000000000000000000e+00
1.544867845950648189e-04;1.725854076539690141e-06;9.138243794441223145e-01;1.282413961689599091e-07;7.249122858047485352e-01;9.099966287612915039e-01;1.488865450482990127e-06;8.162401500158011913e-04;3.127571544609963894e-04;1.125097624026238918e-03;1.834673312259837985e-04;1.607956257032583380e-08;7.393265555322159344e-09;4.155118560333903588e-08;1.314867131441133097e-05;5.772888064384460449e-01;9.120648028329014778e-04;8.174775838851928711e-01
7.736925908830016851e-05;1.407396775903180242e-04;9.998156428337097168e-01;1.429809053661301732e-04;9.994137287139892578e-01;9.999677538871765137e-01;2.723020152188837528e-04;3.686629235744476318e-01;3.939821617677807808e-04;5.071464776992797852e-01;3.045549092348664999e-04;6.672183189948555082e-06;8.502544915245380253e-06;1.861297641880810261e-05;1.178154489025473595e-03;9.990661144256591797e-01;7.545010447502136230e-01;7.024845480918884277e-02
9.999999403953552246e-01;1.000000000000000000e+00;3.918769955635070801e-02;9.999998807907104492e-01;5.617447895929217339e-04;1.648138649761676788e-02;9.999998807907104492e-01;9.997543096542358398e-01;9.999994635581970215e-01;9.973564147949218750e-01;1.000000000000000000e+00;9.999423027038574219e-01;9.992339611053466797e-01;9.999941587448120117e-01;1.000000000000000000e+00;1.916370168328285217e-02;4.649488255381584167e-03;1.000000000000000000e+00
9.991616606712341309e-01;9.993464350700378418e-01;1.269268151372671127e-02;9.998058676719665527e-01;2.894673089031130075e-04;1.002925261855125427e-02;9.997343420982360840e-01;9.974020213121548295e-05;9.989749193191528320e-01;1.017819704429712147e-05;9.993851780891418457e-01;1.322345342487096786e-03;8.704126230441033840e-04;6.945394873619079590e-01;9.999818801879882812e-01;6.457662209868431091e-03;5.076490339206429780e-08;1.000000000000000000e+00
9.998319149017333984e-01;9.999976158142089844e-01;9.266957044601440430e-01;9.999188184738159180e-01;9.652292132377624512e-01;9.213358163833618164e-01;9.999987483024597168e-01;9.997349381446838379e-01;9.998942017555236816e-01;9.998650550842285156e-01;9.999118447303771973e-01;9.999921321868896484e-01;9.998330473899841309e-01;9.998092055320739746e-01;9.999982118606567383e-01;8.933660387992858887e-01;9.991610050201416016e-01;9.934371709823608398e-01
9.998672008514404297e-01;9.998676776885986328e-01;2.204304784536361694e-01;9.985762834548950195e-01;1.174422912299633026e-03;2.324736863374710083e-01;9.999293088912963867e-01;1.970207813428714871e-04;9.999014735221862793e-01;1.652089667913969606e-05;9.999451041221618652e-01;2.586320988484658301e-06;1.323484684689901769e-05;2.111876942217350006e-02;9.985377788543701172e-01;8.647613972425460815e-02;1.048320967811378068e-07;1.000000000000000000e+00
2.979421878990251571e-05;5.306961611495353281e-05;1.313679218292236328e-01;4.291459044907242060e-04;2.626464366912841797e-01;3.194143474102020264e-01;2.352522133151069283e-04;1.846624910831451416e-01;3.286089122411794960e-05;4.751139283180236816e-01;1.559018528496380895e-05;4.425572156906127930e-01;1.683689504861831665e-01;2.114437520503997803e-02;2.257016953080892563e-03;1.006830856204032898e-01;3.833534121513366699e-01;1.340525500381772872e-06
1.270859356736764312e-04;6.648454000242054462e-04;9.987472295761108398e-01;9.625805020332336426e-01;9.994819164276123047e-01;9.988021850585937500e-01;2.725964877754449844e-03;9.988558292388916016e-01;3.199435013812035322e-05;9.989950060844421387e-01;5.809853246319107711e-05;9.999195933341979980e-01;9.989240765571594238e-01;9.990682005882263184e-01;9.986492991447448730e-01;9.975854158401489258e-01;9.933544993400573730e-01;1.066016484401188791e-04
1.166616420960053802e-04;1.196625180455157533e-05;9.996389150619506836e-01;1.238841286976821721e-05;9.999476671218872070e-01;9.997584223747253418e-01;3.881267184624448419e-05;7.974462956190109253e-02;3.728918090928345919e-04;2.269301712512969971e-01;9.383274300489574671e-05;5.793791569885797799e-05;2.784148637147154659e-05;2.311724347237031907e-05;8.666900102980434895e-04;9.969800710678100586e-01;9.804593920707702637e-01;2.297642640769481659e-05
5.715755833080038428e-05;1.285595062654465437e-04;4.839908480644226074e-01;7.076686248183250427e-03;3.251346945762634277e-01;7.920206189155578613e-01;1.716271654004231095e-04;1.716245412826538086e-01;2.043383283307775855e-04;1.238347589969635010e-01;1.258228585356846452e-04;2.135718986392021179e-02;1.129104942083358765e-02;4.724897444248199463e-02;1.025502197444438934e-02;8.008110523223876953e-02;4.083720967173576355e-02;1.131511526182293892e-03
9.428659081459045410e-01;1.409530639648437500e-02;8.504153811372816563e-05;1.026989339152351022e-04;1.350514939986169338e-04;6.017794657964259386e-05;2.815107116475701332e-03;9.999521374702453613e-01;5.322059988975524902e-01;9.999805092811584473e-01;8.343276381492614746e-01;9.998523592948913574e-01;9.393205046653747559e-01;2.171939015388488770e-01;3.595752874389290810e-03;1.526996056782081723e-04;9.647336602210998535e-01;8.290151953697204590e-01
5.377149864216335118e-05;1.213758150697685778e-04;4.930022954940795898e-01;7.149917539209127426e-03;3.559862077236175537e-01;7.926183342933654785e-01;1.727002963889390230e-04;1.583738029003143311e-01;1.929694262798875570e-04;1.219793558120727539e-01;1.241949212271720171e-04;2.187293395400047302e-02;1.183344982564449310e-02;4.916951060295104980e-02;1.075555942952632904e-02;8.259029686450958252e-02;4.380721971392631531e-02;8.856931235641241074e-04
9.973001480102539062e-01;1.970703452825546265e-01;3.024953044950962067e-02;1.472578442189842463e-04;1.568177831359207630e-04;1.076778862625360489e-02;1.007272452116012573e-01;4.352199539425782859e-06;9.965875148773193359e-01;4.510282565206580330e-07;9.983853101730346680e-01;4.178214718653094906e-11;5.070512065774579469e-11;3.967610595623227709e-08;2.690907800570130348e-03;5.200940649956464767e-03;5.761791932457072107e-09;1.000000000000000000e+00
9.999244809150695801e-01;9.999236464500427246e-01;9.232545271515846252e-04;9.999934434890747070e-01;1.923118361446540803e-05;4.106598498765379190e-04;9.999799728393554688e-01;1.859369920566678047e-03;9.997451901435852051e-01;1.566571445437148213e-04;9.999051094055175781e-01;4.461636245250701904e-01;1.994733363389968872e-01;9.968675971031188965e-01;9.999989271163940430e-01;4.898770130239427090e-04;9.599112615887861466e-08;1.000000000000000000e+00
9.731862545013427734e-01;1.011665211990475655e-03;4.986756015568971634e-03;1.995005760591084254e-08;2.110214263666421175e-04;1.539837568998336792e-03;8.584063471062108874e-05;2.171415369957685471e-03;9.447526931762695312e-01;1.330643077380955219e-03;9.880499839782714844e-01;1.502105462236613675e-08;1.158392159972265745e-09;5.524999124872920220e-09;6.096878223615931347e-06;1.355764572508633137e-03;1.427177812729496509e-05;1.000000000000000000e+00
4.633788764476776123e-01;9.996725320816040039e-01;9.998693466186523438e-01;9.999914169311523438e-01;9.999644160270690918e-01;9.999467730522155762e-01;9.999614953994750977e-01;9.999600052833557129e-01;7.305403351783752441e-01;9.999801516532897949e-01;5.863320231437683105e-01;9.999993443489074707e-01;9.999929070472717285e-01;9.999940991401672363e-01;9.999992251396179199e-01;9.995974302291870117e-01;9.999839067459106445e-01;1.716189086437225342e-03
9.993899464607238770e-01;9.630258083343505859e-01;9.192611277103424072e-02;1.163093447685241699e-01;1.861993077909573913e-04;2.712940238416194916e-02;9.607133865356445312e-01;1.020418494590558112e-06;9.993259906768798828e-01;4.995489888415249879e-08;9.995627403259277344e-01;4.324161514968061226e-11;2.478398319905039671e-10;1.471107111683522817e-06;3.354574143886566162e-01;2.421672642230987549e-02;2.331848325543006695e-10;1.000000000000000000e+00
9.993941783905029297e-01;9.798730611801147461e-01;1.220695558004081249e-04;7.582281231880187988e-01;1.569905975884466898e-06;9.716070780996233225e-05;9.741412401199340820e-01;1.335598935838788748e-04;9.991335868835449219e-01;2.841950117726810277e-05;9.997195005416870117e-01;7.985944102983921766e-05;1.965621777344495058e-05;8.924748748540878296e-03;9.496560096740722656e-01;2.181784657295793295e-05;3.093622780170335318e-08;1.000000000000000000e+00
9.999336600303649902e-01;9.999095797538757324e-01;2.439431659877300262e-02;9.999677538871765137e-01;2.924836298916488886e-04;5.503469612449407578e-03;9.999768733978271484e-01;1.019239192828536034e-03;9.998714923858642578e-01;9.449965000385418534e-05;9.999413490295410156e-01;2.333994256332516670e-03;4.561560228466987610e-03;8.829145431518554688e-01;9.999792575836181641e-01;6.045839749276638031e-03;8.841195153763692360e-08;1.000000000000000000e+00
9.988572597503662109e-01;2.016470134258270264e-01;3.017048723995685577e-02;1.490381691837683320e-04;8.399848826229572296e-03;9.650741703808307648e-03;4.372975975275039673e-02;7.442183494567871094e-01;9.962782263755798340e-01;8.082171082496643066e-01;9.994443058967590332e-01;7.963897660374641418e-03;4.913030425086617470e-04;3.178295155521482229e-04;2.816597931087017059e-02;1.200610771775245667e-02;4.028694704174995422e-02;9.999982118606567383e-01
7.312516570091247559e-01;2.005368703976273537e-03;1.821738842409104109e-04;2.794656211335677654e-05;2.598896207928191870e-05;4.537662607617676258e-04;6.455120746977627277e-04;5.202697589993476868e-03;7.159440517425537109e-01;4.739978350698947906e-03;8.738895058631896973e-01;5.564083112403750420e-04;1.553743641125038266e-05;9.944751218426972628e-05;9.444463648833334446e-04;2.480913644831161946e-05;1.373188861180096865e-04;9.992116689682006836e-01
6.722944974899291992e-01;1.451856084167957306e-02;1.167814043583348393e-04;1.025524397846311331e-04;1.495395263191312551e-04;1.583939301781356335e-04;5.747228860855102539e-04;9.999518990516662598e-01;4.665715992450714111e-01;9.999606609344482422e-01;8.670067191123962402e-01;9.995002150535583496e-01;7.925964593887329102e-01;3.881792128086090088e-01;1.252695918083190918e-03;3.901116360793821514e-05;9.639526009559631348e-01;9.260247349739074707e-01
3.136903105769306421e-04;1.105176433920860291e-01;9.998791217803955078e-01;9.995728135108947754e-01;9.998687505722045898e-01;9.998833537101745605e-01;4.270148575305938721e-01;9.997550845146179199e-01;2.476847148500382900e-04;9.994158148765563965e-01;2.405529667157679796e-04;9.999274611473083496e-01;9.993764758110046387e-01;9.998759031295776367e-01;9.999703168869018555e-01;9.997713565826416016e-01;9.888431429862976074e-01;1.678941771388053894e-02
9.999994635581970215e-01;9.999933838844299316e-01;2.342488296562805772e-04;9.999954700469970703e-01;3.009982265211874619e-06;4.581923349178396165e-05;9.999893307685852051e-01;8.158991932868957520e-01;9.999963641166687012e-01;3.145084977149963379e-01;9.999997615814208984e-01;9.962571859359741211e-01;9.147546887397766113e-01;9.997789263725280762e-01;9.999995231628417969e-01;6.465870683314278722e-05;6.283559741859789938e-06;1.000000000000000000e+00
9.999142885208129883e-01;9.982151389122009277e-01;4.284303868189454079e-04;9.974759221076965332e-01;3.593799874579417519e-06;2.030798932537436485e-04;9.993072748184204102e-01;1.274649548577144742e-04;9.997251033782958984e-01;1.537104435556102544e-05;9.998654723167419434e-01;2.339657949050888419e-04;1.438734325347468257e-04;1.959894895553588867e-01;9.989320635795593262e-01;5.761439024354331195e-05;9.069309747644638264e-09;1.000000000000000000e+00
5.657387971878051758e-01;3.212462252122350037e-05;1.406776625663042068e-02;7.203836971392263422e-10;1.242313883267343044e-03;1.072878390550613403e-02;3.917872618330875412e-06;1.082379836589097977e-02;4.481820464134216309e-01;1.120957173407077789e-02;7.118620276451110840e-01;1.965095286493578897e-08;1.610168109955623095e-09;1.209300104498822748e-09;2.093294142468948849e-07;3.432315075770020485e-03;4.384965577628463507e-04;9.999945759773254395e-01
4.175237336312420666e-05;5.568086180574027821e-06;9.987279772758483887e-01;2.168003163660614518e-07;9.999803900718688965e-01;9.991953969001770020e-01;6.930769814061932266e-06;1.427763234823942184e-02;2.571314107626676559e-04;2.425557971000671387e-01;7.515935431001707911e-05;3.442643792368471622e-04;7.373990956693887711e-05;3.826900410786038265e-06;8.079502731561660767e-05;9.948316216468811035e-01;9.995621442794799805e-01;2.016566247320383809e-09
9.990230798721313477e-01;9.967305064201354980e-01;2.878743410110473633e-02;9.997316002845764160e-01;2.378312870860099792e-03;1.962287351489067078e-03;9.983052015304565430e-01;7.133748149499297142e-04;9.950338006019592285e-01;1.958942302735522389e-04;9.976180791854858398e-01;6.555519253015518188e-02;2.832627110183238983e-02;9.515100121498107910e-01;9.999834299087524414e-01;1.020719483494758606e-02;6.338995603982766625e-07;9.999998211860656738e-01
1.350108236074447632e-01;5.606652484857477248e-05;1.762809552019461989e-04;1.611263087397674099e-06;9.797507664188742638e-05;1.154101264546625316e-04;3.137183375656604767e-05;9.901671670377254486e-03;4.842397198081016541e-02;2.658783830702304840e-02;1.129535436630249023e-01;3.193914657458662987e-03;1.080799556802958250e-04;5.052093911217525601e-05;1.521950471214950085e-04;2.818715984176378697e-05;8.853450999595224857e-04;4.330268204212188721e-01
9.987720251083374023e-01;9.990953207015991211e-01;9.057651273906230927e-03;9.998592138290405273e-01;7.700601709075272083e-04;5.285216029733419418e-03;9.997156858444213867e-01;5.893192137591540813e-04;9.977971911430358887e-01;9.684343967819586396e-05;9.979489445686340332e-01;1.233594864606857300e-01;3.705052658915519714e-02;9.668570756912231445e-01;9.999889135360717773e-01;8.056087419390678406e-03;1.162520561592828017e-06;1.000000000000000000e+00
9.997215270996093750e-01;9.999989867210388184e-01;9.855504631996154785e-01;1.000000000000000000e+00;9.599309563636779785e-01;9.907538294792175293e-01;9.999995231628417969e-01;9.999994635581970215e-01;9.994688630104064941e-01;9.999985694885253906e-01;9.998592138290405273e-01;1.000000000000000000e+00;9.999994039535522461e-01;9.999998807907104492e-01;1.000000000000000000e+00;9.613105058670043945e-01;9.993514418601989746e-01;9.999163150787353516e-01
1.492393785156309605e-04;7.453765647369436920e-06;3.438240848481655121e-03;6.181749631650745869e-05;1.704031950794160366e-03;2.268774434924125671e-03;2.794365718727931380e-05;8.873178157955408096e-04;7.409488898701965809e-05;8.485597791150212288e-04;2.917692108894698322e-05;7.420859183184802532e-04;1.938228233484551311e-04;4.624781722668558359e-04;1.265869825147092342e-03;1.296618022024631500e-03;3.140032640658318996e-05;4.266955330967903137e-02
9.947414398193359375e-01;9.769745916128158569e-02;3.862014564219862223e-04;3.034009132534265518e-03;1.459793656977126375e-05;1.585696736583486199e-04;9.921874105930328369e-02;3.021979646291583776e-04;9.787288308143615723e-01;1.523312239442020655e-04;9.910051822662353516e-01;1.380352568958187476e-05;1.759458541528147180e-06;1.263152371393516660e-04;4.603621736168861389e-02;3.993099380750209093e-05;7.874618290770740714e-07;9.999995231628417969e-01
9.909386038780212402e-01;3.808379173278808594e-01;1.277674548327922821e-02;3.404150251299142838e-03;5.548411718336865306e-05;7.005430757999420166e-03;3.606941401958465576e-01;5.398821940616471693e-07;9.918949007987976074e-01;5.032145011796274048e-08;9.943699836730957031e-01;1.096734647543229357e-10;1.956950435033633084e-10;4.176516199549951125e-07;2.275884337723255157e-02;2.010209020227193832e-03;7.413001879008618289e-10;1.000000000000000000e+00
2.176369453081861138e-04;1.003350007522385567e-06;8.697606325149536133e-01;2.538573262711452116e-08;6.173673868179321289e-01;9.184257388114929199e-01;7.811967179804923944e-07;2.654828829690814018e-03;4.756513808388262987e-04;2.880627755075693130e-03;3.410745412111282349e-04;1.070076027787081330e-08;4.166711420339197502e-09;1.115920778005374814e-08;2.261941517645027488e-06;4.772276282310485840e-01;2.632765332236886024e-03;9.078531265258789062e-01
9.999985098838806152e-01;9.998789429664611816e-01;3.345911318319849670e-05;9.996912479400634766e-01;2.068823761192106758e-07;3.356483284733258188e-05;9.998671412467956543e-01;1.046822369098663330e-01;9.999935626983642578e-01;1.470713689923286438e-02;9.999993443489074707e-01;2.196825444698333740e-01;2.440756931900978088e-02;9.263899922370910645e-01;9.998673796653747559e-01;4.459353931451914832e-06;3.634910399341606535e-07;1.000000000000000000e+00
1.139043946750462055e-03;1.686787791550159454e-02;9.997889995574951172e-01;1.227736938744783401e-02;9.999868869781494141e-01;9.998803734779357910e-01;2.330738306045532227e-02;9.999976158142089844e-01;3.249467816203832626e-03;9.999994039535522461e-01;1.821406884118914604e-03;9.999467730522155762e-01;9.972470402717590332e-01;8.773437738418579102e-01;4.835637509822845459e-01;9.996200799942016602e-01;9.999997615814208984e-01;5.236190645518945530e-06
9.686738848686218262e-01;5.028951540589332581e-02;9.106279321713373065e-05;3.392356447875499725e-04;9.917835996020585299e-05;6.595672311959788203e-05;8.334860205650329590e-03;9.999297857284545898e-01;8.079149127006530762e-01;9.999831318855285645e-01;9.767106175422668457e-01;9.999074339866638184e-01;9.311868548393249512e-01;3.536813557147979736e-01;1.231066323816776276e-02;1.476432080380618572e-04;9.504291415214538574e-01;9.594513177871704102e-01
7.033967267489060760e-05;2.591562633824651130e-06;9.787362813949584961e-01;1.034094452734279912e-06;9.324223399162292480e-01;9.816006422042846680e-01;3.181518650308134966e-06;4.968943540006875992e-03;1.412889687344431877e-04;5.964434240013360977e-03;9.394707740284502506e-05;2.271701191602915060e-07;1.045040889380288718e-07;4.711007193236582680e-07;8.773469016887247562e-05;8.915568590164184570e-01;4.755926784127950668e-03;6.388876438140869141e-01
4.310589730739593506e-01;2.932305687863845378e-05;6.244176030158996582e-01;3.325129727116404865e-09;8.281137347221374512e-01;7.237863540649414062e-01;3.013351260960916989e-06;9.997707605361938477e-01;2.778480947017669678e-01;9.999372959136962891e-01;6.084011793136596680e-01;7.627945858985185623e-03;6.828995537944138050e-05;1.226345034410769586e-06;4.633080266103206668e-07;2.240478843450546265e-01;9.997652769088745117e-01;8.018742203712463379e-01
9.984190464019775391e-01;2.546530663967132568e-01;3.333582356572151184e-02;1.638640533201396465e-04;5.148666910827159882e-03;4.729022830724716187e-02;5.590957403182983398e-02;7.536645531654357910e-01;9.966896772384643555e-01;7.131778597831726074e-01;9.989230632781982422e-01;8.320853114128112793e-03;4.018206673208624125e-04;5.487959133461117744e-04;1.116788480430841446e-02;1.618084497749805450e-02;6.821069866418838501e-02;9.999992847442626953e-01
1.716567873954772949e-01;1.692741643637418747e-03;4.178601317107677460e-03;4.774248009198345244e-05;2.062158659100532532e-03;2.223565941676497459e-03;3.803040017373859882e-04;9.415709376335144043e-01;9.418113529682159424e-02;8.316578269004821777e-01;1.742731481790542603e-01;2.886184155941009521e-01;9.297179989516735077e-03;9.110080078244209290e-03;6.330339820124208927e-04;5.413938779383897781e-04;6.409128755331039429e-02;9.540487527847290039e-01
1.000000000000000000e+00;1.000000000000000000e+00;1.149220205843448639e-02;9.999998211860656738e-01;8.571188664063811302e-05;5.647934041917324066e-03;9.999999403953552246e-01;9.998280405998229980e-01;9.999999403953552246e-01;9.964614510536193848e-01;1.000000000000000000e+00;9.994654655456542969e-01;9.936649203300476074e-01;9.999634623527526855e-01;9.999999403953552246e-01;5.834918934851884842e-03;1.054705004207789898e-03;1.000000000000000000e+00
6.797883510589599609e-01;1.754255266860127449e-03;1.777090365067124367e-04;1.822218837332911789e-05;2.636297176650259644e-05;4.265021416358649731e-04;5.338324699550867081e-04;5.948858335614204407e-03;6.702685952186584473e-01;5.581296049058437347e-03;8.453130125999450684e-01;5.706781521439552307e-04;1.610222352610435337e-05;8.273342973552644253e-05;5.517642712220549583e-04;2.471289008099120110e-05;1.806057116482406855e-04;9.987116456031799316e-01
9.999998211860656738e-01;9.999947547912597656e-01;1.115268212743103504e-03;9.999816417694091797e-01;5.853356014995370060e-06;4.644910513889044523e-04;9.999893307685852051e-01;8.614552021026611328e-01;9.999992847442626953e-01;2.612370550632476807e-01;9.999999403953552246e-01;6.492398977279663086e-01;2.402573376893997192e-01;9.934740662574768066e-01;9.999880194664001465e-01;1.913718151627108455e-04;7.379450835287570953e-06;1.000000000000000000e+00
1.558905243873596191e-01;1.302047894569113851e-04;1.324145705439150333e-04;2.378680619585793465e-06;4.845531293540261686e-05;3.521695907693356276e-04;3.610073690651915967e-05;1.022699382156133652e-02;1.508974432945251465e-01;1.406027562916278839e-02;2.841769456863403320e-01;2.097604097798466682e-03;4.754189285449683666e-05;7.444568473147228360e-05;1.164933419204317033e-04;1.916348082886543125e-05;8.959557162597775459e-04;8.988332748413085938e-01
1.547231222502887249e-03;2.509584128856658936e-01;9.998971819877624512e-01;9.996552467346191406e-01;9.998968243598937988e-01;9.999083280563354492e-01;7.219181656837463379e-01;9.997780919075012207e-01;1.423962414264678955e-03;9.994263648986816406e-01;1.219895551912486553e-03;9.998924732208251953e-01;9.993594884872436523e-01;9.998450279235839844e-01;9.999740123748779297e-01;9.997566342353820801e-01;9.918674826622009277e-01;8.478786051273345947e-02
9.999983310699462891e-01;9.999760985374450684e-01;1.307305210502818227e-04;9.999924898147583008e-01;7.295043360500130802e-06;6.884022150188684464e-05;9.999872446060180664e-01;8.981897830963134766e-01;9.999844431877136230e-01;5.891654491424560547e-01;9.999968409538269043e-01;9.999205470085144043e-01;9.958109259605407715e-01;9.999532103538513184e-01;9.999992847442626953e-01;8.786898979451507330e-05;1.164493587566539645e-04;1.000000000000000000e+00
3.741315603256225586e-01;9.456626772880554199e-01;9.902276396751403809e-01;9.965158700942993164e-01;9.775840044021606445e-01;9.896700382232666016e-01;9.923080801963806152e-01;6.855985522270202637e-01;4.333820641040802002e-01;5.465558171272277832e-01;3.299997746944427490e-01;6.635351181030273438e-01;6.037395596504211426e-01;9.321665763854980469e-01;9.997734427452087402e-01;9.862118363380432129e-01;1.224365159869194031e-01;9.977639317512512207e-01
9.995292425155639648e-01;9.873103499412536621e-01;1.960052177309989929e-04;8.341205120086669922e-01;2.106669398926896974e-06;1.425835071131587029e-04;9.829995632171630859e-01;1.208173780469223857e-04;9.992930293083190918e-01;2.308613511559087783e-05;9.997664093971252441e-01;5.928403334110043943e-05;1.773411895555909723e-05;9.475096128880977631e-03;9.636615514755249023e-01;3.593593282857909799e-05;2.935750664789793518e-08;1.000000000000000000e+00
1.027138132485561073e-04;6.327137271000538021e-06;4.203000105917453766e-03;5.678079833160154521e-05;2.012568525969982147e-03;2.806917531415820122e-03;2.457927075738552958e-05;7.948531419970095158e-04;5.140156645211391151e-05;7.327026687562465668e-04;1.925318611029069871e-05;6.079067243263125420e-04;1.811263355193659663e-04;4.150052845943719149e-04;1.033751992508769035e-03;1.494842348620295525e-03;3.181365536875091493e-05;2.786730602383613586e-02
9.992294907569885254e-01;9.998378157615661621e-01;8.874277118593454361e-04;9.999845623970031738e-01;9.346793376607820392e-05;4.415954463183879852e-04;9.999406933784484863e-01;1.026919782161712646e-01;9.977280497550964355e-01;3.907345607876777649e-02;9.990993142127990723e-01;9.993345141410827637e-01;9.892302751541137695e-01;9.998415708541870117e-01;9.999975562095642090e-01;5.240069003775715828e-04;5.831345333717763424e-05;9.999960064888000488e-01
6.261653197725536302e-06;2.533736005716491491e-05;9.994004964828491211e-01;1.423021876689745113e-05;9.996991753578186035e-01;9.998532533645629883e-01;1.192618219647556543e-04;1.913008600240573287e-05;8.634677942609414458e-05;5.443929694592952728e-05;1.647324279474560171e-05;2.098214402224130026e-08;2.826970444402832072e-07;3.329304831822810229e-07;1.382186310365796089e-04;9.984090924263000488e-01;8.271402120590209961e-02;8.903340130927972496e-06
1.327978243352845311e-04;5.602371311397291720e-05;9.998438358306884766e-01;1.112943282350897789e-04;9.997508525848388672e-01;9.999489188194274902e-01;1.937019987963140011e-04;2.289624810218811035e-01;4.885430680587887764e-04;2.448465973138809204e-01;1.597053051227703691e-04;3.354986120029934682e-06;5.149792741576675326e-06;1.681551657384261489e-05;1.207093242555856705e-03;9.984157681465148926e-01;6.518759727478027344e-01;5.841805785894393921e-02
1.000000000000000000e+00;1.000000000000000000e+00;1.179157104343175888e-02;9.999998211860656738e-01;3.586612001527100801e-05;5.272606387734413147e-03;9.999998807907104492e-01;9.997651576995849609e-01;1.000000000000000000e+00;9.931371212005615234e-01;1.000000000000000000e+00;9.974076747894287109e-01;9.730872511863708496e-01;9.999286532402038574e-01;9.999998807907104492e-01;4.911808297038078308e-03;3.330161271151155233e-04;1.000000000000000000e+00
1.735424884827807546e-04;6.964561180211603642e-06;2.566165989264845848e-03;4.015465310658328235e-05;1.202965155243873596e-03;1.644012751057744026e-03;2.346455767110455781e-05;6.643846281804144382e-04;8.099127444438636303e-05;6.629798444919288158e-04;3.118385211564600468e-05;4.948456189595162868e-04;1.298309944104403257e-04;3.196058678440749645e-04;7.829107926227152348e-04;9.949238738045096397e-04;2.458611561451107264e-05;4.950995370745658875e-02
7.426701486110687256e-02;6.262050010263919830e-05;1.432003336958587170e-04;1.082265498553169891e-06;5.761565626016817987e-05;3.929265076294541359e-04;1.612276719242800027e-05;1.261432655155658722e-02;8.043591678142547607e-02;1.890777237713336945e-02;1.470939517021179199e-01;2.273481106385588646e-03;4.853328209719620645e-05;5.454004713101312518e-05;5.186756970942951739e-05;2.292757380928378552e-05;1.369401114061474800e-03;7.439121007919311523e-01
9.999993443489074707e-01;9.999918341636657715e-01;1.863280776888132095e-04;9.999927282333374023e-01;3.260723588027758524e-06;8.438348595518618822e-05;9.999936819076538086e-01;6.916753649711608887e-01;9.999931454658508301e-01;2.179235368967056274e-01;9.999986886978149414e-01;9.980354309082031250e-01;9.459943771362304688e-01;9.998171925544738770e-01;9.999986290931701660e-01;8.309642726089805365e-05;1.241045538336038589e-05;1.000000000000000000e+00
4.054259508848190308e-02;9.988858103752136230e-01;9.999894499778747559e-01;9.999998807907104492e-01;9.999707341194152832e-01;9.999970793724060059e-01;9.999517202377319336e-01;9.971776604652404785e-01;1.230194643139839172e-01;9.914255738258361816e-01;5.754772201180458069e-02;9.995361566543579102e-01;9.995421171188354492e-01;9.999924302101135254e-01;9.999999403953552246e-01;9.999566674232482910e-01;9.693493843078613281e-01;5.654433965682983398e-01
9.999996423721313477e-01;9.999949336051940918e-01;1.936233165906742215e-04;9.999963045120239258e-01;4.794020242115948349e-06;5.122750008013099432e-05;9.999912977218627930e-01;8.047531247138977051e-01;9.999971985816955566e-01;3.510698080062866211e-01;9.999997019767761230e-01;9.960952401161193848e-01;9.234551787376403809e-01;9.997862577438354492e-01;9.999994635581970215e-01;8.237861038651317358e-05;8.743960279389284551e-06;1.000000000000000000e+00
9.355695247650146484e-01;8.164051920175552368e-03;6.452122761402279139e-05;7.620821997988969088e-05;1.740625302772969007e-04;6.466154445661231875e-05;1.937103108502924442e-03;9.999610185623168945e-01;5.467991828918457031e-01;9.999846816062927246e-01;8.904671072959899902e-01;9.998741149902343750e-01;9.412821531295776367e-01;2.401062250137329102e-01;3.567883977666497231e-03;1.317098794970661402e-04;9.657656550407409668e-01;8.339971899986267090e-01
7.703437586314976215e-05;2.736788883339613676e-04;4.308119118213653564e-01;6.404025014489889145e-03;2.612295746803283691e-01;7.627543807029724121e-01;1.821080921217799187e-03;1.397799849510192871e-01;9.309753659181296825e-05;2.183398604393005371e-01;5.090148260933347046e-05;4.753809049725532532e-02;3.577197715640068054e-02;2.067774906754493713e-02;1.291777938604354858e-02;2.722592055797576904e-01;5.035648867487907410e-02;4.264179442543536425e-04
1.969032746274024248e-05;2.626822679303586483e-04;9.997705817222595215e-01;2.616772949695587158e-01;9.995934963226318359e-01;9.996178746223449707e-01;1.210224698297679424e-03;5.793551728129386902e-02;3.292824112577363849e-05;3.292253613471984863e-02;1.342120322078699246e-05;2.512942999601364136e-03;2.119305310770869255e-03;6.231299042701721191e-02;9.241473078727722168e-01;9.995256662368774414e-01;2.004885673522949219e-02;2.146016359329223633e-01
9.902886152267456055e-01;9.741378426551818848e-01;6.583926081657409668e-02;9.833993911743164062e-01;2.490368206053972244e-03;7.559929788112640381e-02;9.912814497947692871e-01;5.898593735764734447e-05;9.912847876548767090e-01;8.400083061133045703e-06;9.919505119323730469e-01;1.209847760037519038e-04;8.170611545210704207e-05;7.112935185432434082e-02;9.988734126091003418e-01;2.497307956218719482e-02;4.493551273299090099e-07;1.000000000000000000e+00
9.606220722198486328e-01;1.274111494421958923e-02;7.995614578248932958e-05;1.049252969096414745e-04;1.372177066514268517e-04;6.373443466145545244e-05;3.236956894397735596e-03;9.999544024467468262e-01;5.167499184608459473e-01;9.999756217002868652e-01;8.752067685127258301e-01;9.997911453247070312e-01;9.267810583114624023e-01;2.213845252990722656e-01;4.871983546763658524e-03;1.235242089023813605e-04;9.723117351531982422e-01;8.028895854949951172e-01
5.882509350776672363e-01;1.630987506359815598e-03;6.749526364728808403e-04;1.987375071621499956e-05;5.021765900892205536e-05;2.496004162821918726e-04;1.232387265190482140e-03;2.519227018638048321e-05;4.038554430007934570e-01;2.461440999468322843e-05;5.802289843559265137e-01;7.414761853397067171e-07;1.794664257204203750e-07;2.371767322983941995e-06;1.308980863541364670e-03;1.049162892741151154e-04;4.571454326196544571e-07;9.999213814735412598e-01
9.999755024909973145e-01;9.999576807022094727e-01;1.828358363127335906e-04;9.999489784240722656e-01;2.306212991243228316e-05;5.905629586777649820e-05;9.998225569725036621e-01;9.970093369483947754e-01;9.998923540115356445e-01;9.895443916320800781e-01;9.999890923500061035e-01;9.999927282333374023e-01;9.991779923439025879e-01;9.999778866767883301e-01;9.999943375587463379e-01;6.642590597039088607e-05;4.969200119376182556e-03;9.999998211860656738e-01
1.054422318702563643e-04;6.272838072618469596e-05;9.999361634254455566e-01;4.006891977041959763e-04;9.998790025711059570e-01;9.999796152114868164e-01;1.921924849739298224e-04;8.287167549133300781e-01;3.116049920208752155e-04;7.808601856231689453e-01;1.478625636082142591e-04;6.789327744627371430e-05;6.478134309872984886e-05;1.477246260037645698e-04;4.511796869337558746e-03;9.994370937347412109e-01;9.143095612525939941e-01;8.726803958415985107e-02
9.100284576416015625e-01;1.178607065230607986e-02;2.225620992248877883e-04;2.002141991397365928e-04;1.839900651248171926e-04;1.337021094514057040e-04;7.254895172081887722e-04;9.999536871910095215e-01;8.132584095001220703e-01;9.999629259109497070e-01;9.713073372840881348e-01;9.998476505279541016e-01;8.849753737449645996e-01;4.921266734600067139e-01;2.793152118101716042e-03;3.057232970604673028e-05;9.761512875556945801e-01;9.518021941184997559e-01
9.999998211860656738e-01;9.999953508377075195e-01;9.926694910973310471e-04;9.999735951423645020e-01;6.184396625030785799e-06;4.921896033920347691e-04;9.999884963035583496e-01;8.249168992042541504e-01;9.999993443489074707e-01;2.781895101070404053e-01;9.999999403953552246e-01;7.800410389900207520e-01;2.627773880958557129e-01;9.945138692855834961e-01;9.999895095825195312e-01;2.598084101919084787e-04;9.871477232081815600e-06;1.000000000000000000e+00
9.889091849327087402e-01;2.852687537670135498e-01;3.279436496086418629e-04;7.219692692160606384e-03;7.885367267590481788e-06;6.006906623952090740e-04;1.747052818536758423e-01;3.051781095564365387e-04;9.891114830970764160e-01;9.127996600000187755e-05;9.964733123779296875e-01;9.398149813932832330e-06;1.061605871655046940e-06;1.478741323808208108e-04;6.508730351924896240e-02;4.037378312204964459e-05;7.969296120791113935e-07;9.999998807907104492e-01
9.999967217445373535e-01;9.999995827674865723e-01;5.637221932411193848e-01;9.999986290931701660e-01;2.003025114536285400e-01;4.531295895576477051e-01;9.999995231628417969e-01;9.999776482582092285e-01;9.999890327453613281e-01;9.999321699142456055e-01;9.999966025352478027e-01;9.999968409538269043e-01;9.999132752418518066e-01;9.999921321868896484e-01;9.999998211860656738e-01;3.377632200717926025e-01;9.350547790527343750e-01;9.999998807907104492e-01
9.999964833259582520e-01;9.999994635581970215e-01;5.501245260238647461e-01;9.999983310699462891e-01;2.009124457836151123e-01;4.463561773300170898e-01;9.999994635581970215e-01;9.999789595603942871e-01;9.999875426292419434e-01;9.999420642852783203e-01;9.999963641166687012e-01;9.999969601631164551e-01;9.999171495437622070e-01;9.999915957450866699e-01;9.999998211860656738e-01;3.304327428340911865e-01;9.397258758544921875e-01;9.999998807907104492e-01
9.992712736129760742e-01;9.960516095161437988e-01;2.647821605205535889e-02;9.996631145477294922e-01;2.501774113625288010e-03;2.087172586470842361e-03;9.985900521278381348e-01;6.078227306716144085e-04;9.939545392990112305e-01;1.943232055054977536e-04;9.971188902854919434e-01;5.832078307867050171e-02;2.712167613208293915e-02;9.435251951217651367e-01;9.999806284904479980e-01;8.995059877634048462e-03;7.599622335874300916e-07;9.999997615814208984e-01
9.992164969444274902e-01;9.832386970520019531e-01;1.038269996643066406e-01;2.693321406841278076e-01;1.784030901035293937e-04;3.009740822017192841e-02;9.858225584030151367e-01;5.969047833787044510e-07;9.992971420288085938e-01;2.903668416820437415e-08;9.994639754295349121e-01;5.423341289945149413e-11;3.918377011746798644e-10;2.987128027598373592e-06;4.905425906181335449e-01;2.783799543976783752e-02;1.223512263726078686e-10;1.000000000000000000e+00
6.747773885726928711e-01;8.961659856140613556e-03;1.499677746323868632e-04;1.391059631714597344e-04;2.081119600916281343e-04;1.285714097321033478e-04;6.321498658508062363e-04;9.999405145645141602e-01;4.589837491512298584e-01;9.999449253082275391e-01;8.443462848663330078e-01;9.995781183242797852e-01;8.082160353660583496e-01;3.893867433071136475e-01;1.314430963248014450e-03;3.747145819943398237e-05;9.436014294624328613e-01;9.119688272476196289e-01
9.969986081123352051e-01;9.984403848648071289e-01;1.902804709970951080e-02;9.996901154518127441e-01;1.023970893584191799e-03;1.172471977770328522e-02;9.995247721672058105e-01;5.188197828829288483e-04;9.964830875396728516e-01;7.156764331739395857e-05;9.969090223312377930e-01;7.167138159275054932e-02;1.576805859804153442e-02;9.184878468513488770e-01;9.999791383743286133e-01;1.110288221389055252e-02;1.576824615767691284e-06;9.999998807907104492e-01
9.913311600685119629e-01;9.999927282333374023e-01;9.988114833831787109e-01;9.999967217445373535e-01;9.973624348640441895e-01;9.996137619018554688e-01;9.999992251396179199e-01;9.937953948974609375e-01;9.975818395614624023e-01;9.931561946868896484e-01;9.964351654052734375e-01;9.973530173301696777e-01;9.971866607666015625e-01;9.995391964912414551e-01;9.999990463256835938e-01;9.969023466110229492e-01;9.826415181159973145e-01;9.962351918220520020e-01
9.999997615814208984e-01;9.999905824661254883e-01;6.610179552808403969e-04;9.999495148658752441e-01;4.149854248680640012e-06;4.028523981105536222e-04;9.999817013740539551e-01;8.414970636367797852e-01;9.999983310699462891e-01;2.648446857929229736e-01;9.999998211860656738e-01;9.088542461395263672e-01;3.518858850002288818e-01;9.938704967498779297e-01;9.999824762344360352e-01;2.002783730858936906e-04;1.120394063036656007e-05;1.000000000000000000e+00
1.839490287238731980e-04;1.608418184332549572e-03;9.999482035636901855e-01;5.176512058824300766e-03;9.999307394027709961e-01;9.999899268150329590e-01;4.208012484014034271e-03;9.998953938484191895e-01;5.493545322678983212e-04;9.998878240585327148e-01;3.949124366044998169e-04;2.676903009414672852e-01;9.794525057077407837e-02;2.021558582782745361e-02;4.752532392740249634e-02;9.996892809867858887e-01;9.996877312660217285e-01;2.296524308621883392e-02
2.630846500396728516e-01;9.987994432449340820e-01;9.997501373291015625e-01;9.999883770942687988e-01;9.999648332595825195e-01;9.997938275337219238e-01;9.998629689216613770e-01;9.996289014816284180e-01;4.906174540519714355e-01;9.998381137847900391e-01;3.154417276382446289e-01;9.999997615814208984e-01;9.999952316284179688e-01;9.999967217445373535e-01;9.999996423721313477e-01;9.992673993110656738e-01;9.999504685401916504e-01;9.986135410144925117e-05
5.610192602034658194e-05;7.853287388570606709e-04;9.994710087776184082e-01;9.812518954277038574e-01;9.997167587280273438e-01;9.995797872543334961e-01;4.687727894634008408e-03;9.971274137496948242e-01;1.938785317179281265e-05;9.970523715019226074e-01;2.581757507869042456e-05;9.996679425239562988e-01;9.976944327354431152e-01;9.987455010414123535e-01;9.989948272705078125e-01;9.989027380943298340e-01;9.844471216201782227e-01;1.348177029285579920e-04
9.999790787696838379e-01;9.999353289604187012e-01;1.034313626587390900e-02;9.999648332595825195e-01;6.396025855792686343e-05;5.988345481455326080e-03;9.999666213989257812e-01;5.523818545043468475e-03;9.999629855155944824e-01;3.813909715972840786e-04;9.999886751174926758e-01;3.027905477210879326e-03;3.671333193778991699e-03;8.761153817176818848e-01;9.999613761901855469e-01;1.845164922997355461e-03;1.494396002499343012e-07;1.000000000000000000e+00
9.892379045486450195e-01;6.566592305898666382e-02;1.162387654185295105e-01;8.858225191943347454e-05;3.095808066427707672e-02;2.170573621988296509e-01;1.327667385339736938e-02;9.013085365295410156e-01;9.788294434547424316e-01;9.166260957717895508e-01;9.923450946807861328e-01;1.703272946178913116e-02;8.756111492402851582e-04;6.879750872030854225e-04;4.664903506636619568e-03;5.768156796693801880e-02;3.763370215892791748e-01;9.999839663505554199e-01
9.999996423721313477e-01;9.999904632568359375e-01;3.029419458471238613e-04;9.999713897705078125e-01;5.396857886807993054e-06;7.558392098871991038e-05;9.999763369560241699e-01;8.620900511741638184e-01;9.999983310699462891e-01;3.824895620346069336e-01;9.999998211860656738e-01;9.873156547546386719e-01;7.587715387344360352e-01;9.987193942070007324e-01;9.999939799308776855e-01;7.167144940467551351e-05;2.273934842378366739e-05;1.000000000000000000e+00
4.338204162195324898e-04;5.232174992561340332e-01;9.998895525932312012e-01;9.999251365661621094e-01;9.998453259468078613e-01;9.999322891235351562e-01;8.686550855636596680e-01;9.990915060043334961e-01;7.426218362525105476e-04;9.977444410324096680e-01;5.020638345740735531e-04;9.999279379844665527e-01;9.994747042655944824e-01;9.999626874923706055e-01;9.999931454658508301e-01;9.997801780700683594e-01;9.761486649513244629e-01;3.507985547184944153e-02
9.995279908180236816e-01;1.789796203374862671e-01;1.028709206730127335e-02;2.640076309035066515e-05;8.576420805184170604e-05;2.559130778536200523e-03;4.778214916586875916e-02;4.433084541233256459e-05;9.989392161369323730e-01;7.256242952280445024e-06;9.996799230575561523e-01;3.047377350462454615e-10;1.049177689171898464e-10;2.877118099320341571e-08;1.564049278385937214e-03;2.369290217757225037e-03;3.815249982608293067e-08;1.000000000000000000e+00
2.931891679763793945e-01;8.340973258018493652e-01;9.908583760261535645e-01;9.919534325599670410e-01;9.860757589340209961e-01;9.909979701042175293e-01;9.741253852844238281e-01;2.936071753501892090e-01;3.670758306980133057e-01;2.325000911951065063e-01;2.264893501996994019e-01;2.744678854942321777e-01;2.847721576690673828e-01;8.143374919891357422e-01;9.994680881500244141e-01;9.852426052093505859e-01;9.600657969713211060e-02;9.900830984115600586e-01
1.733498573303222656e-01;1.813504641177132726e-04;1.450859272154048085e-04;3.368672878423240036e-06;4.657355748349800706e-05;3.963735944125801325e-04;4.992643516743555665e-05;9.986260905861854553e-03;1.740024983882904053e-01;1.352482382208108902e-02;2.956429719924926758e-01;2.580569358542561531e-03;5.381823575589805841e-05;9.728846634970977902e-05;1.595553767401725054e-04;2.006269460252951831e-05;8.790252031758427620e-04;9.032131433486938477e-01
9.995867609977722168e-01;9.999961853027343750e-01;9.600939154624938965e-01;9.999998807907104492e-01;9.294412732124328613e-01;9.708211421966552734e-01;9.999979138374328613e-01;9.999998211860656738e-01;9.989143610000610352e-01;9.999995827674865723e-01;9.997278451919555664e-01;1.000000000000000000e+00;9.999997615814208984e-01;9.999999403953552246e-01;1.000000000000000000e+00;9.347299337387084961e-01;9.996802806854248047e-01;9.997779130935668945e-01
2.241333574056625366e-02;2.933750802185386419e-04;9.795160293579101562e-01;5.140651410329155624e-06;9.904499053955078125e-01;9.945415258407592773e-01;5.224404958426021039e-05;9.999999403953552246e-01;1.529475301504135132e-02;1.000000000000000000e+00;5.947141349315643311e-02;9.931360483169555664e-01;4.497188031673431396e-01;1.213829219341278076e-02;2.194640255765989423e-04;9.449604153633117676e-01;9.999985694885253906e-01;2.358745634555816650e-01
2.119072480127215385e-03;5.381671190261840820e-01;9.998703598976135254e-01;9.992938041687011719e-01;9.999641776084899902e-01;9.998648762702941895e-01;8.769999146461486816e-01;9.999630451202392578e-01;2.427170285955071449e-03;9.999670386314392090e-01;1.780941383913159370e-03;9.999982118606567383e-01;9.999668598175048828e-01;9.999583959579467773e-01;9.999821782112121582e-01;9.997943043708801270e-01;9.998519420623779297e-01;3.635528264567255974e-04
